fecha,apertura,maximo,minimo,cierre,cierre_ajustado,volumen
2021-09-23,169.0025,171.4480,169.0025,170.8000,170.8000,47588000
2021-09-24,170.1005,171.4630,169.6700,171.2760,171.2760,42324000
2021-09-27,168.5750,170.7785,166.9805,170.2900,170.2900,72690000
2021-09-28,167.8855,168.4595,164.5050,165.7980,165.7980,88616000
2021-09-29,166.1055,167.5650,164.8935,165.0560,165.0560,51246000
2021-09-30,165.8000,166.3925,163.6995,164.2520,164.2520,56848000
2021-10-01,164.4505,165.4585,162.7970,164.1630,164.1630,56712000
2021-10-04,163.9695,163.9995,158.8125,159.4890,159.4890,90462000
2021-10-05,160.2250,163.0365,160.1230,161.0500,161.0500,65384000
2021-10-06,160.6765,163.2170,159.9310,163.1005,163.1005,50660000
2021-10-07,164.5770,166.2875,164.1530,165.1215,165.1215,48182000
2021-10-08,165.8500,166.0715,164.4100,164.4310,164.4310,39964000
2021-10-11,163.7500,164.6295,161.9050,162.3150,162.3150,40684000
2021-10-12,162.8500,163.3765,161.8140,162.3665,162.3665,36392000
2021-10-13,163.4855,164.4190,163.0545,164.2140,164.2140,48402000
2021-10-14,165.1225,165.6300,164.5390,164.9930,164.9930,42190000
2021-10-15,165.5710,170.5210,165.2000,170.4510,170.4510,103598000
2021-10-18,169.4180,172.4585,169.2550,172.3370,172.3370,63482000
2021-10-19,171.7145,172.7345,171.1000,172.2075,172.2075,47722000
2021-10-20,172.6330,173.1430,170.0185,170.7530,170.7530,42796000
2021-10-21,170.7125,172.0140,170.1500,171.7505,171.7505,37628000
2021-10-22,171.0500,171.4920,166.5650,166.7775,166.7775,62782000
2021-10-25,166.7500,167.3900,164.8850,166.0185,166.0185,44520000
2021-10-26,167.4755,170.8060,167.1990,168.8035,168.8035,53966000
2021-10-27,169.4000,171.8500,168.5725,169.6245,169.6245,54044000
2021-10-28,170.1050,173.9500,169.3000,172.3285,172.3285,114174000
2021-10-29,165.0010,168.7410,163.6660,168.6215,168.6215,129722000
2021-11-01,168.0900,168.7930,164.6010,165.9055,165.9055,72178000
2021-11-02,165.7505,166.5560,164.1775,165.6375,165.6375,52552000
2021-11-03,165.4500,169.7460,164.8760,169.2000,169.2000,67944000
2021-11-04,168.5000,174.9315,168.2500,173.8500,173.8500,107060000
2021-11-05,173.8500,178.3125,173.8490,175.9495,175.9495,99940000
2021-11-08,176.1620,178.9500,174.3930,174.4490,174.4490,61480000
2021-11-09,175.7625,179.6885,175.0715,178.8115,178.8115,85898000
2021-11-10,178.1935,180.2725,173.1545,174.1025,174.1025,80548000
2021-11-11,175.6500,177.1620,173.3735,173.6250,173.6250,45288000
2021-11-12,174.2500,177.0365,172.3525,176.2575,176.2575,53788000
2021-11-15,176.8500,179.6940,176.2905,177.2840,177.2840,58594000
2021-11-16,176.9500,178.8250,176.2575,177.0350,177.0350,44342000
2021-11-17,178.2360,179.3625,177.2675,177.4500,177.4500,51206000
2021-11-18,178.3175,185.2100,178.0500,184.8030,184.8030,114070000
2021-11-19,185.6345,188.1075,183.7860,183.8285,183.8285,98734000
2021-11-22,183.8190,185.6730,178.3750,178.6285,178.6285,96844000
2021-11-23,179.2520,181.0525,176.3855,179.0020,179.0020,73804000
2021-11-24,178.1335,180.6820,176.8425,179.0205,179.0205,46560000
2021-11-26,180.1050,181.6750,175.2075,175.2280,175.2280,59826000
2021-11-29,177.3820,179.8000,176.5750,178.0785,178.0785,65312000
2021-11-30,178.1750,179.2885,174.6005,175.3535,175.3535,80022000
2021-12-01,177.2500,177.9940,172.0800,172.1860,172.1860,74916000
2021-12-02,173.0000,174.6350,171.1875,171.8680,171.8680,64726000
2021-12-03,172.7500,173.4935,166.9300,169.4895,169.4895,80712000
2021-12-06,169.6500,173.6955,166.9345,171.3685,171.3685,68860000
2021-12-07,174.6000,177.4995,173.3345,176.1645,176.1645,66410000
2021-12-08,176.1505,177.1800,174.7505,176.1580,176.1580,45254000
2021-12-09,175.7500,176.9695,174.1395,174.1710,174.1710,46062000
2021-12-10,175.4170,175.9270,170.5000,172.2120,172.2120,60690000
2021-12-13,172.0000,172.1000,169.1300,169.5675,169.5675,62170000
2021-12-14,167.5500,169.4990,166.4400,169.0915,169.0915,55976000
2021-12-15,168.5980,173.6000,165.1950,173.3150,173.3150,75794000
2021-12-16,173.3685,174.1660,168.1605,168.8710,168.8710,60876000
2021-12-17,167.7105,170.8985,165.6135,170.0175,170.0175,85542000
2021-12-20,166.8500,167.8745,165.6000,167.0790,167.0790,57372000
2021-12-21,167.8505,170.7165,165.6475,170.4170,170.4170,55956000
2021-12-22,169.2700,172.0500,168.5005,171.0370,171.0370,55036000
2021-12-23,170.4280,171.9750,170.1500,171.0685,171.0685,36788000
2021-12-27,171.0370,172.9430,169.2155,169.6695,169.6695,58688000
2021-12-28,170.1825,172.1760,169.1355,170.6610,170.6610,54638000
2021-12-29,170.8400,171.2120,168.6005,169.2010,169.2010,35754000
2021-12-30,169.7000,170.8880,168.5240,168.6445,168.6445,37584000
2021-12-31,168.9560,169.3500,166.5585,166.7170,166.7170,47830000
2022-01-03,167.5500,170.7035,166.1605,170.4045,170.4045,63520000
2022-01-04,170.4380,171.4000,166.3495,167.5220,167.5220,70726000
2022-01-05,166.8830,167.1265,164.3570,164.3570,164.3570,64302000
2022-01-06,163.4505,164.8000,161.9370,163.2540,163.2540,51958000
2022-01-07,163.8390,165.2435,162.0310,162.5540,162.5540,46606000
2022-01-10,160.5855,161.6615,156.3045,161.4860,161.4860,87798000
2022-01-11,161.5000,166.3500,160.7015,165.3620,165.3620,62806000
2022-01-12,166.5750,166.8780,164.4170,165.2070,165.2070,50030000
2022-01-13,165.2505,166.2215,161.0910,161.2140,161.2140,52188000
2022-01-14,160.1500,162.2500,159.8005,162.1380,162.1380,45974000
2022-01-18,159.1050,159.7345,157.6645,158.9175,158.9175,67292000
2022-01-19,158.7620,159.2500,156.2500,156.2990,156.2990,53242000
2022-01-20,156.7660,158.0000,151.3510,151.6675,151.6675,71974000
2022-01-21,149.9500,150.9000,142.0705,142.6430,142.6430,163972000
2022-01-24,139.0000,144.9450,135.3520,144.5440,144.5440,155624000
2022-01-25,142.2425,143.6000,138.1450,139.9860,139.9860,90824000
2022-01-26,144.7500,145.1850,137.3185,138.8725,138.8725,95602000
2022-01-27,140.8000,144.2435,139.3500,139.6375,139.6375,77516000
2022-01-28,140.8605,143.9980,137.9295,143.9780,143.9780,74392000
2022-01-31,144.7500,150.3605,144.3005,149.5735,149.5735,78308000
2022-02-01,150.0000,151.7080,147.6275,151.1935,151.1935,59220000
2022-02-02,155.0505,155.0750,148.8635,150.6125,150.6125,87330000
2022-02-03,141.7375,144.2475,138.3330,138.8455,138.8455,225532000
2022-02-04,155.6065,161.2000,150.6080,157.6395,157.6395,253456000
2022-02-07,158.5200,162.6910,157.2500,157.9355,157.9355,102624000
2022-02-08,156.7505,161.7925,155.5505,161.4135,161.4135,76040000
2022-02-09,162.8735,163.8345,160.2500,161.1895,161.1895,68786000
2022-02-10,158.3500,160.7165,157.7500,159.0035,159.0035,68268000
2022-02-11,158.1345,159.0000,152.7340,153.2935,153.2935,77100000
2022-02-14,151.7510,158.4485,151.6500,155.1670,155.1670,83230000
2022-02-15,157.6055,158.0070,154.6375,156.5105,156.5105,56440000
2022-02-16,155.7905,158.8340,154.7345,158.1005,158.1005,52704000
2022-02-17,158.1460,160.3490,154.5000,154.6525,154.6525,64032000
2022-02-18,155.4995,155.4995,150.8930,152.6015,152.6015,63604000
2022-02-22,150.4785,152.9825,148.4855,150.1975,150.1975,66128000
2022-02-23,151.6505,151.7630,144.6510,144.8270,144.8270,64244000
2022-02-24,139.8375,151.7490,139.5000,151.3580,151.3580,100786000
2022-02-25,150.5500,153.9900,149.2135,153.7885,153.7885,62396000
2022-02-28,152.4250,154.4500,150.8500,153.5630,153.5630,57684000
2022-03-01,152.7325,154.0990,149.9770,151.1420,151.1420,44874000
2022-03-02,150.8490,152.9995,148.7500,152.0525,152.0525,47334000
2022-03-03,153.5315,153.9290,146.8560,147.8985,147.8985,65198000
2022-03-04,147.1590,147.8500,143.8070,145.6410,145.6410,60934000
2022-03-07,145.4435,146.0945,137.4165,137.4530,137.4530,86934000
2022-03-08,136.6835,140.6995,133.5725,136.0145,136.0145,91662000
2022-03-09,139.5000,140.2500,136.8280,139.2790,139.2790,82656000
2022-03-10,145.6850,148.6745,143.9780,146.8175,146.8175,135062000
2022-03-11,149.5745,149.6750,145.3690,145.5245,145.5245,68900000
2022-03-14,145.9810,147.4500,140.8840,141.8530,141.8530,74086000
2022-03-15,142.8500,147.9850,142.0000,147.3665,147.3665,75584000
2022-03-16,148.5000,153.1500,147.3535,153.1040,153.1040,84958000
2022-03-17,152.6405,157.4985,152.1400,157.2390,157.2390,72934000
2022-03-18,156.8130,161.5940,156.0110,161.2505,161.2505,102962000
2022-03-21,161.1210,163.0840,159.5530,161.4915,161.4915,66538000
2022-03-22,161.8055,166.1670,161.6990,164.8890,164.8890,64086000
2022-03-23,163.7050,166.3700,162.6870,163.4080,163.4080,55812000
2022-03-24,163.7495,164.1185,160.0500,163.6495,163.6495,56798000
2022-03-25,164.0000,165.3685,162.2500,164.7735,164.7735,49032000
2022-03-28,164.9750,169.0375,164.9000,168.9905,168.9905,59854000
2022-03-29,170.3840,170.8315,167.8685,169.3150,169.3150,66154000
2022-03-30,168.5095,168.9505,165.5000,166.3010,166.3010,56168000
2022-03-31,166.4450,166.4950,162.9535,162.9975,162.9975,59966000
2022-04-01,164.1495,165.8270,162.3195,163.5600,163.5600,57090000
2022-04-04,164.1250,168.3945,163.2055,168.3465,168.3465,49882000
2022-04-05,167.7415,168.1105,163.2660,164.0550,164.0550,53728000
2022-04-06,161.6505,162.2000,157.2545,158.7560,158.7560,79056000
2022-04-07,158.4000,160.0790,154.5115,157.7845,157.7845,68136000
2022-04-08,156.7500,157.3685,154.2310,154.4605,154.4605,46002000
2022-04-11,152.7130,154.1365,150.5345,151.1220,151.1220,52112000
2022-04-12,153.6925,155.0990,150.3830,150.7875,150.7875,55178000
2022-04-13,150.0185,156.0250,149.6000,155.5410,155.5410,53390000
2022-04-14,155.3900,155.8970,151.4720,151.7065,151.7065,51598000
2022-04-18,151.5235,154.0395,150.2505,152.7850,152.7850,46514000
2022-04-19,152.0295,158.6490,151.5505,158.1155,158.1155,54926000
2022-04-20,157.6025,157.6025,153.6035,153.9980,153.9980,59630000
2022-04-21,154.7140,156.7380,147.5895,148.2960,148.2960,63970000
2022-04-22,148.2500,149.6150,143.6975,144.3500,144.3500,73078000
2022-04-25,144.0230,146.2215,142.3065,146.0740,146.0740,61874000
2022-04-26,144.8000,144.8560,138.9295,139.3910,139.3910,77530000
2022-04-27,140.1915,141.9485,135.7835,138.1670,138.1670,71336000
2022-04-28,142.1780,145.9375,140.3000,144.5965,144.5965,117316000
2022-04-29,129.8490,130.7610,121.6250,124.2815,124.2815,272662000
2022-05-02,122.4010,124.6680,118.3750,124.5000,124.5000,148788000
2022-05-03,124.0535,126.2205,122.8250,124.2535,124.2535,79134000
2022-05-04,123.6000,126.0000,119.1830,125.9285,125.9285,110746000
2022-05-05,123.0000,123.4990,115.0725,116.4070,116.4070,144392000
2022-05-06,114.8500,119.0505,113.0815,114.7725,114.7725,124260000
2022-05-09,111.3125,114.0000,107.9570,108.7890,108.7890,128124000
2022-05-10,111.2500,112.6425,107.1710,108.8590,108.8590,105434000
2022-05-11,108.1035,110.1560,104.4285,105.3720,105.3720,109704000
2022-05-12,102.7500,110.7805,102.4055,106.9305,106.9305,132026000
2022-05-13,109.0690,113.1840,107.8000,113.0550,113.0550,93684000
2022-05-16,113.1000,113.9925,110.3540,110.8105,110.8105,74566000
2022-05-17,113.2750,115.8000,111.2765,115.3685,115.3685,76448000
2022-05-18,111.4395,112.8530,106.2490,107.1125,107.1125,108380000
2022-05-19,106.2805,110.0340,106.1930,107.3190,107.3190,88142000
2022-05-20,109.5685,109.8980,105.0095,107.5910,107.5910,99500000
2022-05-23,108.4610,108.8190,103.9500,107.5570,107.5570,107798000
2022-05-24,104.0250,105.4000,101.2600,104.1000,104.1000,102934000
2022-05-25,103.6555,108.1750,103.6500,106.7750,106.7750,93120000
2022-05-26,107.9700,112.6655,107.4535,111.0775,111.0775,93002000
2022-05-27,113.5500,115.1870,112.6280,115.1465,115.1465,93660000
2022-05-31,116.2800,121.9945,115.6750,120.2095,120.2095,144634000
2022-06-01,122.2560,125.1790,120.6225,121.6840,121.6840,127528000
2022-06-02,121.6840,125.6100,120.0450,125.5110,125.5110,100560000
2022-06-03,124.2000,124.4000,121.0465,122.3500,122.3500,97604000
2022-06-06,125.2500,128.9900,123.8100,124.7900,124.7900,135269000
2022-06-07,122.0100,124.1000,120.6300,123.0000,123.0000,85156700
2022-06-08,122.6100,123.7500,120.7500,121.1800,121.1800,64926600
2022-06-09,119.9900,121.3000,116.1000,116.1500,116.1500,67029800
2022-06-10,113.4200,114.5000,109.0500,109.6500,109.6500,87266000
2022-06-13,104.1900,106.5400,101.8600,103.6700,103.6700,99277700
2022-06-14,104.1900,104.8800,101.4300,102.3100,102.3100,69728800
2022-06-15,103.8600,109.0600,103.5300,107.6700,107.6700,85011100
2022-06-16,104.4700,104.5800,102.0100,103.6600,103.6600,82186300
2022-06-17,102.8000,106.9800,102.5100,106.2200,106.2200,99772100
2022-06-21,108.2000,111.6300,103.5600,108.6800,108.6800,70901200
2022-06-22,107.4300,112.1300,107.0200,108.9500,108.9500,60040100
2022-06-23,110.3900,113.0000,107.9300,112.4400,112.4400,64345300
2022-06-24,112.3800,116.7100,111.4300,116.4600,116.4600,69867600
2022-06-27,117.0900,117.9800,112.7000,113.2200,113.2200,62133200
2022-06-28,113.5000,114.8500,107.0400,107.4000,107.4000,74942900
2022-06-29,107.3800,110.9900,106.9100,108.9200,108.9200,66375300
2022-06-30,108.1100,108.1800,102.5200,106.2100,106.2100,97679400
2022-07-01,106.2900,109.7500,105.8500,109.5600,109.5600,73021200
2022-07-05,107.6000,114.0800,106.3200,113.5000,113.5000,76583700
2022-07-06,113.2100,115.4800,112.0100,114.3300,114.3300,66958900
2022-07-07,113.8500,116.9900,113.4900,116.3300,116.3300,57872300
2022-07-08,114.6000,116.5800,113.6900,115.5400,115.5400,45719700
2022-07-11,114.0800,114.3000,110.8700,111.7500,111.7500,53487600
2022-07-12,112.1600,113.2300,108.3400,109.2200,109.2200,54280300
2022-07-13,107.0300,111.7800,106.0100,110.4000,110.4000,61353800
2022-07-14,110.2400,111.1800,107.5800,110.6300,110.6300,51163100
2022-07-15,112.5000,115.5900,111.5900,113.5500,113.5500,84317800
2022-07-18,115.0000,117.2400,113.1500,113.7600,113.7600,59115400
2022-07-19,115.7000,118.9500,114.0300,118.2100,118.2100,60990000
2022-07-20,118.6200,123.4800,118.3200,122.7700,122.7700,71268300
2022-07-21,123.2000,124.8500,121.2600,124.6300,124.6300,60239900
2022-07-22,125.0100,125.5000,121.3500,122.4200,122.4200,51463800
2022-07-25,122.7000,123.6400,120.0300,121.1400,121.1400,50221300
2022-07-26,115.7900,118.1500,114.5300,114.8100,114.8100,67075100
2022-07-27,117.3100,121.9000,117.1600,120.9700,120.9700,61582000
2022-07-28,121.5700,122.8400,118.0800,122.2800,122.2800,82245500
2022-07-29,134.9000,137.6500,132.4100,134.9500,134.9500,148892900
2022-08-01,134.9600,138.8300,133.5100,135.3900,135.3900,76846900
2022-08-02,134.7200,137.4400,134.0900,134.1600,134.1600,61922400
2022-08-03,136.2100,140.4900,136.0500,139.5200,139.5200,71827800
2022-08-04,140.5800,143.5600,139.5500,142.5700,142.5700,70585000
2022-08-05,140.1000,142.8600,139.6000,140.8000,140.8000,50686900
2022-08-08,142.0500,144.2300,138.2900,139.4100,139.4100,52229000
2022-08-09,138.0500,138.9500,136.2100,137.8300,137.8300,40434700
2022-08-10,142.9000,144.6000,141.0100,142.6900,142.6900,54773800
2022-08-11,143.8600,144.4900,139.7600,140.6400,140.6400,44867300
2022-08-12,142.0500,143.5700,140.1200,143.5500,143.5500,47643500
2022-08-15,142.8000,143.7600,141.4900,143.1800,143.1800,39014600
2022-08-16,143.9100,146.5700,142.0000,144.7800,144.7800,59102900
2022-08-17,142.6900,143.3800,140.7800,142.1000,142.1000,48149800
2022-08-18,141.3200,142.7700,140.3800,142.3000,142.3000,37458700
2022-08-19,140.4700,141.1100,137.9100,138.2300,138.2300,47792800
2022-08-22,135.7200,136.3200,132.8500,133.2200,133.2200,50461500
2022-08-23,133.4100,134.9900,132.9500,133.6200,133.6200,36252100
2022-08-24,132.7500,135.4700,132.1000,133.8000,133.8000,38627000
2022-08-25,135.2600,137.4200,134.2800,137.2800,137.2800,37496300
2022-08-26,136.5500,137.8300,130.5000,130.7500,130.7500,53322700
2022-08-29,129.9000,131.9500,128.7700,129.7900,129.7900,48101600
2022-08-30,131.2500,132.0700,126.8500,128.7300,128.7300,49203000
2022-08-31,129.4500,130.5900,126.7400,126.7700,126.7700,53648700
2022-09-01,126.0000,128.0200,123.6600,127.8200,127.8200,56636100
2022-09-02,129.5000,131.3800,126.3900,127.5100,127.5100,57429800
2022-09-06,127.9200,128.6200,124.7400,126.1100,126.1100,43888600
2022-09-07,126.1200,129.8200,125.4000,129.4800,129.4800,47900300
2022-09-08,127.7200,130.2800,127.1000,129.8200,129.8200,43988500
2022-09-09,130.9100,133.6900,130.7600,133.2700,133.2700,49387600
2022-09-12,134.1000,136.4900,134.0000,136.4500,136.4500,53826900
2022-09-13,131.0100,131.4000,126.2700,126.8200,126.8200,72694000
2022-09-14,127.3600,128.8400,126.3300,128.5500,128.5500,45316800
2022-09-15,127.3800,130.3700,125.5000,126.2800,126.2800,52887200
2022-09-16,122.7800,123.8700,120.7000,123.5300,123.5300,115667800
2022-09-19,122.1600,124.7100,121.8000,124.6600,124.6600,47279700
2022-09-20,123.3500,124.4000,121.1400,122.1900,122.1900,47698400
2022-09-21,122.4900,123.7600,118.4500,118.5400,118.5400,58498900
2022-09-22,117.0800,118.7900,116.2600,117.3100,117.3100,55229200
2022-09-23,116.0000,116.0500,112.0600,113.7800,113.7800,65126700
2022-09-26,113.3000,117.3400,113.1300,115.1500,115.1500,62723300
2022-09-27,117.2000,118.3200,113.0500,114.4100,114.4100,60094700
2022-09-28,114.3800,118.7000,113.8000,118.0100,118.0100,55763800
2022-09-29,115.6000,116.0700,113.0600,114.8000,114.8000,58969700
2022-09-30,114.0800,116.9200,112.8400,113.0000,113.0000,59479600
2022-10-03,113.5800,116.9100,112.4500,115.8800,115.8800,50941900
2022-10-04,119.8900,123.0000,119.7900,121.0900,121.0900,62812600
2022-10-05,118.5800,121.7500,117.6900,120.9500,120.9500,48217500
2022-10-06,120.7700,121.5300,119.5000,120.3000,120.3000,42253800
2022-10-07,118.0000,118.1700,113.8800,114.5600,114.5600,54678000
2022-10-10,115.1000,116.2500,112.4300,113.6700,113.6700,42339700
2022-10-11,112.7100,115.4800,110.3900,112.2100,112.2100,56432200
2022-10-12,112.4900,113.8300,111.4000,112.9000,112.9000,45728700
2022-10-13,107.8800,113.4400,105.3500,112.5300,112.5300,86868100
2022-10-14,114.1000,114.9600,106.6000,106.9000,106.9000,67737300
2022-10-17,110.1100,114.1900,110.0900,113.7900,113.7900,62782000
2022-10-18,119.0600,119.5200,114.7900,116.3600,116.3600,65607400
2022-10-19,114.7100,116.5900,113.2200,115.0700,115.0700,47198100
2022-10-20,113.8300,118.2400,113.5100,115.2500,115.2500,48795100
2022-10-21,114.7900,119.5900,114.5000,119.3200,119.3200,55660500
2022-10-24,119.9800,120.3900,116.5700,119.8200,119.8200,49531500
2022-10-25,119.6500,121.3200,118.9500,120.6000,120.6000,50934600
2022-10-26,116.0000,119.3500,114.7600,115.6600,115.6600,68802300
2022-10-27,113.9200,114.1200,109.7700,110.9600,110.9600,129605400
2022-10-28,97.9100,103.9600,97.6600,103.4100,103.4100,223133400
2022-10-31,103.5600,104.8700,100.7400,102.4400,102.4400,99251400
2022-11-01,103.9900,104.5800,96.0600,96.7900,96.7900,153370000
2022-11-02,97.3200,97.7400,92.0100,92.1200,92.1200,135761800
2022-11-03,92.4700,93.5000,89.0200,89.3000,89.3000,136683300
2022-11-04,91.4900,92.4400,88.0400,90.9800,90.9800,129101300
2022-11-07,91.9500,92.1000,89.0400,90.5300,90.5300,77495700
2022-11-08,90.7900,91.7200,88.2300,89.9800,89.9800,88703400
2022-11-09,89.4700,89.4800,85.8700,86.1400,86.1400,90796200
2022-11-10,92.9400,98.6900,91.6500,96.6300,96.6300,173414900
2022-11-11,97.8800,101.1900,96.6600,100.7900,100.7900,111590500
2022-11-14,98.7700,100.1200,97.2900,98.4900,98.4900,99533100
2022-11-15,103.2100,103.7900,97.3400,98.9400,98.9400,111336300
2022-11-16,96.8500,98.4900,95.5400,97.1200,97.1200,87958800
2022-11-17,95.3700,96.9700,94.0300,94.8500,94.8500,82617900
2022-11-18,95.9500,95.9900,92.4800,94.1400,94.1400,72428200
2022-11-21,93.9700,95.0200,90.5900,92.4600,92.4600,84330300
2022-11-22,92.6200,93.3500,90.8700,93.2000,93.2000,62192000
2022-11-23,93.2400,94.5800,92.8300,94.1300,94.1300,59414700
2022-11-25,93.7900,94.4300,93.0700,93.4100,93.4100,35088600
2022-11-28,93.9300,96.4000,93.4300,93.9500,93.9500,74943100
2022-11-29,94.0400,94.4100,91.4400,92.4200,92.4200,65567300
2022-11-30,92.4700,96.5400,91.5300,96.5400,96.5400,102805800
2022-12-01,96.9900,97.2300,94.9200,95.5000,95.5000,68488000
2022-12-02,94.4800,95.3600,93.7800,94.1300,94.1300,72496400
2022-12-05,93.0500,94.0600,90.8200,91.0100,91.0100,71535500
2022-12-06,90.5000,91.0400,87.9000,88.2500,88.2500,75503600
2022-12-07,88.3400,89.8900,87.4800,88.4600,88.4600,68086900
2022-12-08,89.2400,90.8600,87.8800,90.3500,90.3500,73305900
2022-12-09,88.9000,90.3000,88.6300,89.0900,89.0900,67398500
2022-12-12,89.2100,90.5800,87.8700,90.5500,90.5500,61999800
2022-12-13,95.2300,96.2500,90.5200,92.4900,92.4900,100212000
2022-12-14,92.5000,93.4600,89.8700,91.5800,91.5800,70298000
2022-12-15,89.8900,89.9700,87.4700,88.4500,88.4500,84802900
2022-12-16,88.2700,89.3500,86.7300,87.8600,87.8600,146144100
2022-12-19,87.5100,87.6300,84.5100,84.9200,84.9200,83531500
2022-12-20,85.3300,86.6100,84.3300,85.1900,85.1900,74348300
2022-12-21,86.1800,87.2300,85.2100,86.7700,86.7700,59267200
2022-12-22,85.5200,85.6800,82.2500,83.7900,83.7900,81431300
2022-12-23,83.2500,85.7800,82.9300,85.2500,85.2500,57433700
2022-12-27,84.9700,85.3500,83.0000,83.0400,83.0400,57284000
2022-12-28,82.8000,83.4800,81.6900,81.8200,81.8200,58228600
2022-12-29,82.8700,84.5500,82.5500,84.1800,84.1800,54995900
2022-12-30,83.1200,84.0500,82.4700,84.0000,84.0000,62401200
2023-01-03,85.4600,86.9600,84.2100,85.8200,85.8200,76706000
2023-01-04,86.5500,86.9800,83.3600,85.1400,85.1400,68885100
2023-01-05,85.3300,85.4200,83.0700,83.1200,83.1200,67930800
2023-01-06,83.0300,86.4000,81.4300,86.0800,86.0800,83303400
2023-01-09,87.4600,89.4800,87.0800,87.3600,87.3600,65266100
2023-01-10,87.5700,90.1900,87.2900,89.8700,89.8700,67756600
2023-01-11,90.9300,95.2600,90.9300,95.0900,95.0900,103126200
2023-01-12,96.9300,97.1900,93.5000,95.2700,95.2700,85254800
2023-01-13,94.1800,98.3700,94.1200,98.1200,98.1200,85549400
2023-01-17,98.6800,98.8900,95.7300,96.0500,96.0500,72755000
2023-01-18,97.2500,99.3200,95.3800,95.4600,95.4600,79570400
2023-01-19,94.7400,95.4400,92.8600,93.6800,93.6800,69002700
2023-01-20,93.8600,97.3500,93.2000,97.2500,97.2500,67481500
2023-01-23,97.5600,97.7800,95.8600,97.5200,97.5200,76501100
2023-01-24,96.9300,98.0900,96.0000,96.3200,96.3200,66929500
2023-01-25,92.5600,97.2400,91.5200,97.1800,97.1800,94261600
2023-01-26,98.2400,99.4900,96.9200,99.2200,99.2200,68523600
2023-01-27,99.5300,103.4900,99.5300,102.2400,102.2400,87775600
2023-01-30,101.0900,101.7400,99.0100,100.5500,100.5500,70691900
2023-01-31,101.1600,103.3500,101.1400,103.1300,103.1300,66527300
2023-02-01,102.5300,106.2400,101.2400,105.1500,105.1500,80450100
2023-02-02,110.2500,114.0000,108.8800,112.9100,112.9100,158154200
2023-02-03,105.2600,108.7800,102.5200,103.3900,103.3900,144374800
2023-02-06,102.9300,103.9500,100.6500,102.1800,102.1800,81945200
2023-02-07,101.1700,102.4100,98.0800,102.1100,102.1100,119501300
2023-02-08,102.0400,102.6700,98.7800,100.0500,100.0500,75878300
2023-02-09,101.3200,101.7800,97.5700,98.2400,98.2400,64622500
2023-02-10,97.5600,98.8200,96.2300,97.6100,97.6100,52740100
2023-02-13,97.8500,99.6800,96.9100,99.5400,99.5400,52841500
2023-02-14,98.4100,100.9200,97.5200,99.7000,99.7000,56202900
2023-02-15,99.0900,101.1700,98.4500,101.1600,101.1600,47957600
2023-02-16,99.2100,100.6300,98.1000,98.1500,98.1500,56339200
2023-02-17,97.8000,97.9400,95.6500,97.2000,97.2000,60029400
2023-02-21,95.3400,95.6100,94.2700,94.5800,94.5800,56580400
2023-02-22,95.1000,97.0100,94.8000,95.7900,95.7900,59534100
2023-02-23,96.1200,96.4300,93.6700,95.8200,95.8200,48467000
2023-02-24,93.5300,94.1400,92.3200,93.5000,93.5000,57053800
2023-02-27,94.2800,94.7800,93.1400,93.7600,93.7600,47470300
2023-02-28,93.1400,94.6900,92.9200,94.2300,94.2300,43959300
2023-03-01,93.8700,94.6800,91.5900,92.1700,92.1700,52299500
2023-03-02,91.4100,92.2300,90.3900,92.1300,92.1300,55509400
2023-03-03,92.7400,94.9400,92.6600,94.9000,94.9000,55759600
2023-03-06,95.1900,96.5500,93.7400,93.7500,93.7500,52112400
2023-03-07,94.0600,95.0900,92.7800,93.5500,93.5500,49100700
2023-03-08,93.6000,94.1700,92.1800,93.9200,93.9200,44899100
2023-03-09,93.6800,96.2100,92.1800,92.2500,92.2500,56218700
2023-03-10,92.6700,93.5700,90.2500,90.7300,90.7300,69827500
2023-03-13,89.9700,94.0200,88.1200,92.4300,92.4300,72397100
2023-03-14,93.8300,95.0700,92.7100,94.8800,94.8800,60912700
2023-03-15,93.2200,96.6700,93.0700,96.2000,96.2000,70731800
2023-03-16,95.7500,100.9900,95.6100,100.0400,100.0400,84446900
2023-03-17,99.7900,100.6600,97.4600,98.9500,98.9500,87300200
2023-03-20,98.4100,98.4800,95.7000,97.7100,97.7100,62388900
2023-03-21,98.1400,100.8500,98.0000,100.6100,100.6100,58597300
2023-03-22,100.4500,102.1000,98.6100,98.7000,98.7000,57475400
2023-03-23,100.4300,101.0600,97.6200,98.7100,98.7100,57559300
2023-03-24,98.0700,98.3000,96.4000,98.1300,98.1300,56095400
2023-03-27,99.0700,99.3400,97.0800,98.0400,98.0400,46721300
2023-03-28,98.1100,98.4400,96.2900,97.2400,97.2400,38720100
2023-03-29,98.6900,100.4200,98.5600,100.2500,100.2500,49783300
2023-03-30,101.5500,103.0400,101.0100,102.0000,102.0000,53633400
2023-03-31,102.1600,103.4900,101.9500,103.2900,103.2900,56750300
2023-04-03,102.3000,103.2900,101.4300,102.4100,102.4100,41135700
2023-04-04,102.7500,104.2000,102.1100,103.9500,103.9500,48662500
2023-04-05,103.9100,103.9100,100.7500,101.1000,101.1000,45175400
2023-04-06,100.7500,102.3800,99.8000,102.0600,102.0600,43808000
2023-04-10,100.9600,102.2000,99.5700,102.1700,102.1700,37261200
2023-04-11,100.8000,101.0000,99.0100,99.9200,99.9200,60417800
2023-04-12,100.4000,100.5100,97.7100,97.8300,97.8300,56735000
2023-04-13,98.9500,102.5700,98.7100,102.4000,102.4000,67925100
2023-04-14,102.0700,103.2000,101.1100,102.5100,102.5100,51450500
2023-04-17,103.1600,103.7300,101.5900,102.7400,102.7400,39919500
2023-04-18,103.9500,104.2000,101.5200,102.3000,102.3000,39790500
2023-04-19,101.5800,105.1200,101.3900,104.3000,104.3000,58398900
2023-04-20,103.5300,105.2500,103.2100,103.8100,103.8100,57696900
2023-04-21,106.1000,108.1500,105.0800,106.9600,106.9600,86774200
2023-04-24,107.6600,109.2300,105.0700,106.2100,106.2100,69575600
2023-04-25,104.9100,105.4500,102.4500,102.5700,102.5700,65026800
2023-04-26,105.0400,106.6200,104.1000,104.9800,104.9800,73803800
2023-04-27,108.1600,110.8600,106.8000,109.8200,109.8200,149961200
2023-04-28,107.7300,109.4800,104.3300,105.4500,105.4500,130715900
2023-05-01,104.9500,105.2300,101.8200,102.0500,102.0500,74728100
2023-05-02,101.4700,103.9000,101.1500,103.6300,103.6300,73469400
2023-05-03,103.7400,105.9600,103.2800,103.6500,103.6500,65051900
2023-05-04,104.0400,105.3900,103.3100,104.0000,104.0000,45345500
2023-05-05,104.2700,105.7600,103.5500,105.6600,105.6600,56951700
2023-05-08,105.0400,106.1000,104.7000,105.8300,105.8300,49430900
2023-05-09,105.4800,106.7900,105.1600,106.6200,106.6200,44089400
2023-05-10,108.1000,110.6700,108.0500,110.1900,110.1900,78627600
2023-05-11,111.0300,113.2800,110.4900,112.1800,112.1800,74924800
2023-05-12,112.1600,112.6400,109.3200,110.2600,110.2600,49852700
2023-05-15,111.1500,112.2900,109.2500,111.2000,111.2000,53011100
2023-05-16,111.0500,114.7900,111.0500,113.4000,113.4000,71472900
2023-05-17,114.8900,115.8300,114.2200,115.5000,115.5000,65655200
2023-05-18,116.6900,118.6000,116.3400,118.1500,118.1500,73174100
2023-05-19,118.1600,118.3100,115.7000,116.2500,116.2500,55056300
2023-05-22,116.7700,116.7700,114.2500,115.0100,115.0100,70741100
2023-05-23,114.2700,117.1400,113.7800,114.9900,114.9900,67576300
2023-05-24,115.3500,117.3400,115.0200,116.7500,116.7500,63487900
2023-05-25,116.6300,116.8700,114.3100,115.0000,115.0000,66496700
2023-05-26,116.0400,121.5000,116.0200,120.1100,120.1100,96779900
2023-05-30,122.3700,122.9200,119.8600,121.6600,121.6600,64314800
2023-05-31,121.4500,122.0400,119.1700,120.5800,120.5800,72800800
2023-06-01,120.6900,123.4900,119.9300,122.7700,122.7700,54375100
2023-06-02,124.9200,126.3900,124.0200,124.2500,124.2500,61264400
2023-06-05,123.3600,125.8000,123.0300,125.3000,125.3000,47950100
2023-06-06,125.0700,127.4000,125.0000,126.6100,126.6100,45695200
2023-06-07,127.0100,127.3700,120.6300,121.2300,121.2300,95663300
2023-06-08,123.0100,125.6300,122.2600,124.2500,124.2500,62159300
2023-06-09,124.0800,125.8000,123.1900,123.4300,123.4300,51396000
2023-06-12,124.0200,126.7800,123.5300,126.5700,126.5700,51338000
2023-06-13,128.1200,128.4100,125.1800,126.6600,126.6600,50564800
2023-06-14,126.7000,126.9500,124.1200,126.4200,126.4200,52422500
2023-06-15,125.2100,127.6900,124.3200,127.1100,127.1100,60458500
2023-06-16,127.7100,127.9000,125.3000,125.4900,125.4900,84247100
2023-06-20,124.9700,127.2500,124.5000,125.7800,125.7800,56930100
2023-06-21,125.6400,126.7300,123.8500,124.8300,124.8300,52137700
2023-06-22,125.3100,130.3300,125.1400,130.1500,130.1500,90354600
2023-06-23,129.1100,130.8400,128.2800,129.3300,129.3300,71927800
2023-06-26,129.3300,131.4900,127.1000,127.3300,127.3300,59989300
2023-06-27,128.6300,130.0900,127.5500,129.1800,129.1800,46801000
2023-06-28,128.9400,131.4800,128.4400,129.0400,129.0400,52149500
2023-06-29,128.7700,129.2600,127.2600,127.9000,127.9000,40761000
2023-06-30,129.4700,131.2500,128.9500,130.3600,130.3600,54350700
2023-07-03,130.8200,131.8500,130.0700,130.2200,130.2200,28264800
2023-07-05,130.2400,131.4000,129.6400,130.3800,130.3800,35895400
2023-07-06,128.2500,128.7300,127.3700,128.3600,128.3600,40639900
2023-07-07,128.5900,130.9700,128.1300,129.7800,129.7800,41992300
2023-07-10,129.0700,129.2800,125.9200,127.1300,127.1300,61889300
2023-07-11,127.7500,129.7700,127.3500,128.7800,128.7800,49951500
2023-07-12,130.3100,131.2600,128.8300,130.8000,130.8000,54022800
2023-07-13,134.0400,134.6700,132.7100,134.3000,134.3000,61170900
2023-07-14,134.0600,136.6500,134.0600,134.6800,134.6800,54487100
2023-07-17,134.5600,135.6200,133.2100,133.5600,133.5600,48450200
2023-07-18,132.7100,133.8600,131.3500,132.8300,132.8300,54882900
2023-07-19,133.3900,135.9900,132.5300,135.3600,135.3600,54531000
2023-07-20,134.0700,134.7900,129.3300,129.9600,129.9600,59820600
2023-07-21,131.3400,131.3700,128.4200,130.0000,130.0000,133307300
2023-07-24,130.3100,131.6600,128.3500,128.8000,128.8000,45591100
2023-07-25,129.3100,129.5800,128.5300,129.1300,129.1300,39236700
2023-07-26,126.5100,129.0800,126.1100,128.1500,128.1500,53910100
2023-07-27,131.0000,132.6300,127.7900,128.2500,128.2500,52610700
2023-07-28,129.6900,133.0100,129.3300,132.2100,132.2100,46317400
2023-07-31,133.2000,133.8700,132.3800,133.6800,133.6800,41901500
2023-08-01,133.5500,133.6900,131.6200,131.6900,131.6900,42098500
2023-08-02,130.1500,130.2300,126.8200,128.2100,128.2100,51027600
2023-08-03,127.4800,129.8400,126.4100,128.9100,128.9100,88585200
2023-08-04,141.0600,143.6300,139.3200,139.5700,139.5700,153128500
2023-08-07,140.9900,142.5400,138.9500,142.2200,142.2200,71213100
2023-08-08,140.6200,140.8400,138.4200,139.9400,139.9400,51710500
2023-08-09,139.9700,140.3200,137.1000,137.8500,137.8500,50017300
2023-08-10,139.0700,140.4100,137.4900,138.5600,138.5600,58928400
2023-08-11,137.4000,139.3300,137.0000,138.4100,138.4100,42905800
2023-08-14,138.3000,140.5900,137.7500,140.5700,140.5700,47148700
2023-08-15,140.0500,141.2800,137.2300,137.6700,137.6700,42781500
2023-08-16,137.1900,137.2700,135.0100,135.0700,135.0700,41675900
2023-08-17,135.4600,136.0900,133.5300,133.9800,133.9800,48354100
2023-08-18,131.6200,134.0700,131.1500,133.2200,133.2200,48497700
2023-08-21,133.7400,135.1900,132.7100,134.6800,134.6800,41442500
2023-08-22,135.0800,135.6500,133.7300,134.2500,134.2500,32905400
2023-08-23,134.5000,135.9500,133.2200,135.5200,135.5200,42801000
2023-08-24,136.4000,136.7800,131.8300,131.8400,131.8400,43646300
2023-08-25,132.4700,133.8700,130.5800,133.2600,133.2600,44147500
2023-08-28,133.7800,133.9500,131.8500,133.1400,133.1400,34108400
2023-08-29,133.3800,135.1400,133.2500,134.9100,134.9100,38646100
2023-08-30,134.9300,135.6800,133.9200,135.0700,135.0700,36137000
2023-08-31,135.0600,138.7900,135.0000,138.0100,138.0100,58781300
2023-09-01,139.4600,139.9600,136.8800,138.1200,138.1200,40991500
2023-09-05,137.7300,137.8000,135.8200,137.2700,137.2700,40636700
2023-09-06,136.3200,137.4500,134.6100,135.3600,135.3600,41785500
2023-09-07,133.9000,138.0300,133.1600,137.8500,137.8500,48498900
2023-09-08,136.8600,138.8500,136.7500,138.2300,138.2300,38348200
2023-09-11,138.7500,143.6200,138.6400,143.1000,143.1000,56764500
2023-09-12,142.3200,143.0000,140.6100,141.2300,141.2300,42668500
2023-09-13,140.9500,144.9800,140.8700,144.8500,144.8500,60465200
2023-09-14,145.0800,145.8600,142.9500,144.7200,144.7200,64033600
2023-09-15,142.6900,143.5700,140.0900,140.3900,140.3900,102909300
2023-09-18,140.4800,141.7500,139.2200,139.9800,139.9800,42823500
2023-09-19,138.7000,138.8400,135.5600,137.6300,137.6300,61482500
2023-09-20,138.5500,139.3700,135.2000,135.2900,135.2900,46263700
2023-09-21,131.9400,132.2400,129.3100,129.3300,129.3300,70343300
2023-09-22,131.1100,132.0300,128.5200,129.1200,129.1200,59904300
2023-09-25,129.3600,131.7800,128.7700,131.2700,131.2700,46017800
2023-09-26,130.1200,130.3900,125.2800,125.9800,125.9800,73048200
2023-09-27,125.7600,127.4800,124.1300,125.9800,125.9800,66553400
2023-09-28,124.0400,126.5800,123.0400,125.9800,125.9800,54555000
2023-09-29,128.2000,129.1500,126.3200,127.1200,127.1200,62411700
2023-10-02,127.2800,130.4700,126.5400,129.4600,129.4600,48029700
2023-10-03,128.0600,128.5200,124.2500,124.7200,124.7200,51565000
2023-10-04,126.0600,127.3600,125.6800,127.0000,127.0000,44203900
2023-10-05,126.7100,126.7300,124.3300,125.9600,125.9600,39660600
2023-10-06,124.1600,128.4500,124.1300,127.9600,127.9600,46836700
2023-10-09,126.2200,128.7900,124.7600,128.2600,128.2600,38773700
2023-10-10,128.8200,130.7400,128.0500,129.4800,129.4800,42178600
2023-10-11,129.7400,132.0500,129.6100,131.8300,131.8300,40741800
2023-10-12,132.1700,134.4800,131.2300,132.3300,132.3300,55528600
2023-10-13,132.9800,133.3100,128.9500,129.7900,129.7900,45786600
2023-10-16,130.6900,133.0700,130.4300,132.5500,132.5500,42832900
2023-10-17,130.3900,132.5800,128.7100,131.4700,131.4700,49344600
2023-10-18,129.9000,130.6700,127.5100,128.1300,128.1300,42699500
2023-10-19,130.5700,132.2400,127.4700,128.4000,128.4000,60961400
2023-10-20,128.0500,128.1700,124.9700,125.1700,125.1700,56406400
2023-10-23,124.6300,127.8800,123.9800,126.5600,126.5600,48260000
2023-10-24,127.7400,128.8000,126.3400,128.5600,128.5600,46477400
2023-10-25,126.0400,126.3400,120.7900,121.3900,121.3900,74577500
2023-10-26,120.6300,121.6400,118.3500,119.5700,119.5700,100419500
2023-10-27,126.2000,130.0200,125.5200,127.7400,127.7400,125309300
2023-10-30,129.7200,133.0000,128.5600,132.7100,132.7100,72485500
2023-10-31,132.7500,133.5700,131.7100,133.0900,133.0900,51589400
2023-11-01,133.9600,137.3500,133.7100,137.0000,137.0000,61529400
2023-11-02,138.7300,138.8100,136.4700,138.0700,138.0700,52236700
2023-11-03,138.9900,139.4900,137.4500,138.6000,138.6000,44059800
2023-11-06,138.7600,140.7300,138.3600,139.7400,139.7400,44970400
2023-11-07,140.5500,143.3700,140.5000,142.7100,142.7100,53553500
2023-11-08,142.9700,143.1200,141.2200,142.0800,142.0800,44521700
2023-11-09,142.0200,142.6500,139.8400,140.6000,140.6000,36235400
2023-11-10,140.4600,143.6500,139.9100,143.5600,143.5600,49287800
2023-11-13,142.0800,143.2300,140.6700,142.5900,142.5900,35680600
2023-11-14,145.0000,147.2600,144.6800,145.8000,145.8000,56674600
2023-11-15,147.0600,147.2900,142.5900,143.2000,143.2000,63875700
2023-11-16,140.9100,143.3200,139.5200,142.8300,142.8300,49653500
2023-11-17,142.6600,145.2300,142.5400,145.1800,145.1800,49636700
2023-11-20,145.1300,146.6300,144.7300,146.1300,146.1300,41951200
2023-11-21,143.9100,144.0500,141.5000,143.9000,143.9000,71226000
2023-11-22,144.5700,147.7400,144.5700,146.7100,146.7100,45669100
2023-11-24,146.7000,147.2000,145.3200,146.7400,146.7400,22378400
2023-11-27,147.5300,149.2600,146.8800,147.7300,147.7300,53762400
2023-11-28,146.9800,147.6000,145.5300,147.0300,147.0300,42711700
2023-11-29,147.8500,148.5400,145.9700,146.3200,146.3200,40610900
2023-11-30,144.7600,146.9300,144.3300,146.0900,146.0900,65814000
2023-12-01,146.0000,147.2500,145.5500,147.0300,147.0300,39951800
2023-12-04,145.2500,145.3500,142.8100,144.8400,144.8400,48294200
2023-12-05,143.5500,148.5700,143.1300,146.8800,146.8800,46822400
2023-12-06,147.5800,147.8500,144.2800,144.5200,144.5200,39679000
2023-12-07,146.1500,147.9200,145.3400,146.8800,146.8800,52352800
2023-12-08,145.4800,147.8400,145.4000,147.4200,147.4200,41906000
2023-12-11,145.6600,146.1900,143.6400,145.8900,145.8900,50907300
2023-12-12,145.5200,147.5000,145.3000,147.4800,147.4800,44944300
2023-12-13,148.1200,149.4600,146.8200,148.8400,148.8400,52766200
2023-12-14,149.9300,150.5400,145.5200,147.4200,147.4200,58400800
2023-12-15,148.3800,150.5700,147.8800,149.9700,149.9700,110089300
2023-12-18,150.5600,154.8500,150.0500,154.0700,154.0700,62512800
2023-12-19,154.4000,155.1200,152.6900,153.7900,153.7900,43171300
2023-12-20,152.9000,155.6300,151.5600,152.1200,152.1200,50322100
2023-12-21,153.3000,153.9700,152.1000,153.8400,153.8400,36305700
2023-12-22,153.7700,154.3500,152.7100,153.4200,153.4200,29514100
2023-12-26,153.5600,153.9800,153.0300,153.4100,153.4100,25067200
2023-12-27,153.5600,154.7800,153.1200,153.3400,153.3400,31434700
2023-12-28,153.7200,154.0800,152.9500,153.3800,153.3800,27057000
2023-12-29,153.1000,153.8900,151.0300,151.9400,151.9400,39823200
2024-01-02,151.5400,152.3800,148.3900,149.9300,149.9300,47339400
2024-01-03,149.2000,151.0500,148.3300,148.4700,148.4700,49425500
2024-01-04,145.5900,147.3800,144.0500,144.5700,144.5700,56039800
2024-01-05,144.6900,146.5900,144.5300,145.2400,145.2400,45153100
2024-01-08,146.7400,149.4000,146.1500,149.1000,149.1000,46757100
2024-01-09,148.3300,151.7100,148.2100,151.3700,151.3700,43812600
2024-01-10,152.0600,154.4200,151.8800,153.7300,153.7300,44421800
2024-01-11,155.0400,157.1700,153.1200,155.1800,155.1800,49072700
2024-01-12,155.3900,156.2000,154.0100,154.6200,154.6200,40484200
2024-01-16,153.5300,154.9900,152.1500,153.1600,153.1600,41384600
2024-01-17,151.4900,152.1500,149.9100,151.7100,151.7100,34953400
2024-01-18,152.7700,153.7800,151.8200,153.5000,153.5000,37850200
2024-01-19,153.8300,155.7600,152.7400,155.3400,155.3400,51651600
2024-01-22,156.8900,157.0500,153.9000,154.7800,154.7800,43687500
2024-01-23,154.8500,156.2100,153.9300,156.0200,156.0200,37986000
2024-01-24,157.8000,158.5100,156.4800,156.8700,156.8700,48547300
2024-01-25,156.9500,158.5100,154.5500,157.7500,157.7500,43638600
2024-01-26,158.4200,160.7200,157.9100,159.1200,159.1200,51047400
2024-01-29,159.3400,161.2900,158.9000,161.2600,161.2600,45270400
2024-01-30,160.7000,161.7300,158.4900,159.0000,159.0000,45207400
2024-01-31,157.0000,159.0100,154.8100,155.2000,155.2000,50284400
2024-02-01,155.8700,159.7600,155.6200,159.2800,159.2800,76542400
2024-02-02,169.1900,172.5000,167.3300,171.8100,171.8100,117218300
2024-02-05,170.2000,170.5500,167.7000,170.3100,170.3100,55081300
2024-02-06,169.3900,170.7100,167.6500,169.1500,169.1500,42505500
2024-02-07,169.4800,170.8800,168.9400,170.5300,170.5300,47174100
2024-02-08,169.6500,171.4300,168.8800,169.8400,169.8400,42316500
2024-02-09,170.9000,175.0000,170.5800,174.4500,174.4500,56986000
2024-02-12,174.8000,175.3900,171.5400,172.3400,172.3400,51050400
2024-02-13,167.7300,170.9500,165.7500,168.6400,168.6400,56345100
2024-02-14,169.2100,171.2100,168.2800,170.9800,170.9800,42815500
2024-02-15,170.5800,171.1700,167.5900,169.8000,169.8000,49855200
2024-02-16,168.7400,170.4200,167.1700,169.5100,169.5100,48107700
2024-02-20,167.8300,168.7100,165.7400,167.0800,167.0800,41980300
2024-02-21,168.9400,170.2300,167.1400,168.5900,168.5900,44420100
2024-02-22,173.1000,174.8000,171.7700,174.5800,174.5800,55392400
2024-02-23,174.2800,175.7500,173.7000,174.9900,174.9900,59715200
2024-02-26,175.7000,176.3700,174.2600,174.7300,174.7300,44368600
2024-02-27,174.0800,174.6200,172.8600,173.5400,173.5400,31141700
2024-02-28,172.4400,174.0500,172.2700,173.1600,173.1600,28180500
2024-02-29,173.0100,177.2200,172.8500,176.7600,176.7600,53805400
2024-03-01,176.7500,178.7300,176.0700,178.2200,178.2200,31981200
2024-03-04,177.5300,180.1400,177.4900,177.5800,177.5800,37381500
2024-03-05,176.9300,176.9300,173.3000,174.1200,174.1200,37228300
2024-03-06,175.5400,176.4600,173.2600,173.5100,173.5100,32090900
2024-03-07,174.8300,177.9900,173.7200,176.8200,176.8200,34063300
2024-03-08,176.4400,178.7900,174.3300,175.3500,175.3500,37893200
2024-03-11,174.3100,174.4700,171.4700,171.9600,171.9600,28484800
2024-03-12,173.5000,176.7600,171.9800,175.3900,175.3900,36610600
2024-03-13,175.9000,177.6200,175.5500,176.5600,176.5600,30772600
2024-03-14,177.6900,179.5300,176.4700,178.7500,178.7500,43705800
2024-03-15,176.6400,177.9300,173.9000,174.4200,174.4200,72147400
2024-03-18,175.8000,176.6900,174.2800,174.4800,174.4800,31250700
2024-03-19,174.2200,176.0900,173.5200,175.9000,175.9000,26880900
2024-03-20,176.1400,178.5300,174.6400,178.1500,178.1500,29947200
2024-03-21,179.9900,181.4200,178.1500,178.1500,178.1500,32824300
2024-03-22,177.7500,179.2600,176.7500,178.8700,178.8700,27995400
2024-03-25,178.0100,180.9900,177.2400,179.7100,179.7100,29815500
2024-03-26,180.1500,180.4500,177.9500,178.3000,178.3000,29659000
2024-03-27,179.8800,180.0000,177.3100,179.8300,179.8300,33272600
2024-03-28,180.1700,181.7000,179.2600,180.3800,180.3800,38051600
2024-04-01,180.7900,183.0000,179.9500,180.9700,180.9700,29174500
2024-04-02,179.0700,180.7900,178.3800,180.6900,180.6900,32611500
2024-04-03,179.9000,182.8700,179.8000,182.4100,182.4100,31046600
2024-04-04,184.0000,185.1000,180.0000,180.0000,180.0000,41624300
2024-04-05,182.3800,186.2700,181.9700,185.0700,185.0700,42374000
2024-04-08,186.9000,187.2900,184.8100,185.1900,185.1900,39221300
2024-04-09,187.2400,187.3400,184.2000,185.6700,185.6700,36520100
2024-04-10,182.7700,186.2700,182.6700,185.9500,185.9500,35879200
2024-04-11,186.7400,189.7700,185.5100,189.0500,189.0500,40020700
2024-04-12,187.7200,188.3800,185.0800,186.1300,186.1300,38608800
2024-04-15,187.4300,188.6900,183.0000,183.6200,183.6200,48052400
2024-04-16,183.2700,184.8300,182.2600,183.3200,183.3200,32891300
2024-04-17,184.3100,184.5700,179.8200,181.2800,181.2800,31359700
2024-04-18,181.4700,182.3900,178.6500,179.2200,179.2200,30723800
2024-04-19,178.7400,179.0000,173.4400,174.6300,174.6300,56000700
2024-04-22,176.9400,178.8700,174.5600,177.2300,177.2300,37924900
2024-04-23,178.0800,179.9300,175.9800,179.5400,179.5400,37046500
2024-04-24,179.9400,180.3200,176.1800,176.5900,176.5900,34185100
2024-04-25,169.6800,173.9200,166.3200,173.6700,173.6700,49249400
2024-04-26,177.8000,180.8200,176.1300,179.6200,179.6200,43919800
2024-04-29,182.7500,183.5300,179.3900,180.9600,180.9600,54063900
2024-04-30,181.0900,182.9900,174.8000,175.0000,175.0000,94639800
2024-05-01,181.6400,185.1500,176.5600,179.0000,179.0000,94645100
2024-05-02,180.8500,185.1000,179.9100,184.7200,184.7200,54303500
2024-05-03,186.9900,187.8700,185.4200,186.2100,186.2100,39172000
2024-05-06,186.2800,188.7500,184.8000,188.7000,188.7000,34725300
2024-05-07,188.9200,189.9400,187.3100,188.7600,188.7600,34048900
2024-05-08,187.4400,188.4300,186.3900,188.0000,188.0000,26136400
2024-05-09,188.8800,191.7000,187.4400,189.5000,189.5000,43368400
2024-05-10,189.1600,189.8900,186.9300,187.4800,187.4800,34141800
2024-05-13,188.0000,188.3100,185.3600,186.5700,186.5700,24898600
2024-05-14,183.8200,187.7200,183.4500,187.0700,187.0700,38698200
2024-05-15,185.9700,186.7200,182.7300,185.9900,185.9900,75459900
2024-05-16,185.6000,187.3100,183.4600,183.6300,183.6300,38834500
2024-05-17,183.7600,185.3000,183.3500,184.7000,184.7000,33175700
2024-05-20,184.3400,186.6700,183.2800,183.5400,183.5400,30511800
2024-05-21,182.3000,183.2600,180.7500,183.1500,183.1500,50839100
2024-05-22,183.8800,185.2200,181.9700,183.1300,183.1300,28148800
2024-05-23,183.6600,184.7600,180.0800,181.0500,181.0500,33670200
2024-05-24,181.6500,182.4400,180.3000,180.7500,180.7500,27471600
2024-05-28,179.9300,182.2400,179.4900,182.1500,182.1500,29927000
2024-05-29,181.7000,184.0800,181.5500,182.0200,182.0200,32009300
2024-05-30,181.3100,181.3400,178.3600,179.3200,179.3200,29184700
2024-05-31,178.3000,179.2100,173.8700,176.4400,176.4400,58903900
2024-06-03,177.7000,178.7000,175.9200,178.3400,178.3400,30786600
2024-06-04,177.6400,179.8200,176.4400,179.3400,179.3400,27198400
2024-06-05,180.1000,181.5000,178.7500,181.2800,181.2800,32116400
2024-06-06,181.7500,185.0000,181.4900,185.0000,185.0000,31371200
2024-06-07,184.9000,186.2900,183.3600,184.3000,184.3000,28021500
2024-06-10,184.0700,187.2300,183.7900,187.0600,187.0600,34445600
2024-06-11,187.0600,187.7700,184.5400,187.2300,187.2300,27265100
2024-06-12,188.0200,188.3500,185.4300,186.8900,186.8900,33984200
2024-06-13,186.0900,187.6700,182.6700,183.8300,183.8300,39721500
2024-06-14,183.0800,183.7200,182.2300,183.6600,183.6600,25456400
2024-06-17,182.5200,185.0000,181.2200,184.0600,184.0600,35601900
2024-06-18,183.7400,184.2900,181.4300,182.8100,182.8100,36659200
2024-06-20,182.9100,186.5100,182.7200,186.1000,186.1000,44726800
2024-06-21,187.8000,189.2800,185.8600,189.0800,189.0800,70792500
2024-06-24,189.3300,191.0000,185.3300,185.5700,185.5700,50610400
2024-06-25,186.8100,188.8400,185.4200,186.3400,186.3400,45366400
2024-06-26,186.9200,194.8000,186.2600,193.6100,193.6100,65103900
2024-06-27,195.0100,199.8400,194.2000,197.8500,197.8500,74397500
2024-06-28,197.7300,198.8500,192.5000,193.2500,193.2500,76930200
2024-07-01,193.4900,198.3000,192.8200,197.2000,197.2000,41192000
2024-07-02,197.2800,200.4300,195.9300,200.0000,200.0000,45600000
2024-07-03,199.9400,200.0300,196.7600,197.5900,197.5900,31597900
2024-07-05,198.6500,200.5500,198.1700,200.0000,200.0000,39858900
2024-07-08,200.0400,201.2000,197.9600,199.2900,199.2900,34767300
2024-07-09,199.4000,200.5700,199.0500,199.3400,199.3400,32700100
2024-07-10,200.0000,200.1100,197.6900,199.7900,199.7900,32883800
2024-07-11,200.0900,200.2700,192.8600,195.0500,195.0500,44565000
2024-07-12,194.8000,196.4700,193.8300,194.4900,194.4900,30598500
2024-07-15,194.5600,196.1900,190.8300,192.7200,192.7200,40683200
2024-07-16,195.5900,196.6200,192.2400,193.0200,193.0200,33994700
2024-07-17,191.3500,191.5800,185.9900,187.9300,187.9300,48076100
2024-07-18,189.5900,189.6800,181.4500,183.7500,183.7500,51043600
2024-07-19,181.1400,184.9300,180.1100,183.1300,183.1300,43081800
2024-07-22,185.0000,185.0600,182.4800,182.5500,182.5500,39931900
2024-07-23,184.1000,189.3900,183.5600,186.4100,186.4100,47537700
2024-07-24,183.2000,185.4500,180.4100,180.8300,180.8300,41532400
2024-07-25,182.9100,183.9000,176.8000,179.8500,179.8500,44464200
2024-07-26,180.3900,183.1900,180.2400,182.5000,182.5000,29506000
2024-07-29,183.8400,184.7500,182.3800,183.2000,183.2000,33270100
2024-07-30,184.7200,185.8600,179.3800,181.7100,181.7100,39508600
2024-07-31,185.0500,187.9400,184.4600,186.9800,186.9800,41667300
2024-08-01,189.2900,190.6000,181.8700,184.0700,184.0700,70435600
2024-08-02,166.7500,168.7700,160.5500,167.9000,167.9000,141448400
2024-08-05,154.2100,162.9600,151.6100,161.0200,161.0200,83149400
2024-08-06,161.7100,165.0800,158.5400,161.9300,161.9300,59950800
2024-08-07,166.5500,167.5800,161.4300,162.7700,162.7700,48408200
2024-08-08,165.1700,166.6900,162.5500,165.8000,165.8000,44616200
2024-08-09,166.4000,168.5500,165.8500,166.9400,166.9400,36401000
2024-08-12,168.1400,168.5500,166.1100,166.8000,166.8000,30072800
2024-08-13,167.8100,171.0400,167.1000,170.2300,170.2300,39237900
2024-08-14,172.1100,172.2800,168.8600,170.1000,170.1000,28843800
2024-08-15,174.8600,177.9100,173.9900,177.5900,177.5900,51698500
2024-08-16,177.0400,178.3400,176.2600,177.0600,177.0600,31489200
2024-08-19,177.6400,178.3000,176.1600,178.2200,178.2200,31129800
2024-08-20,177.9200,179.0100,177.4300,178.8800,178.8800,26255200
2024-08-21,179.9200,182.3900,178.8900,180.1100,180.1100,35599100
2024-08-22,181.3800,181.4700,175.6800,176.1300,176.1300,32047500
2024-08-23,177.3400,178.9700,175.2400,177.0400,177.0400,29150100
2024-08-26,176.7000,177.4700,174.3000,175.5000,175.5000,22366200
2024-08-27,174.1500,174.8900,172.2500,173.1200,173.1200,29842000
2024-08-28,173.6900,173.6900,168.9200,170.8000,170.8000,29045000
2024-08-29,173.2200,174.2900,170.8100,172.1200,172.1200,26407800
2024-08-30,172.7800,178.9000,172.6000,178.5000,178.5000,43429400
2024-09-03,177.5500,178.2600,175.2600,176.2500,176.2500,37817500
2024-09-04,174.4800,175.9800,172.5400,173.3300,173.3300,30309200
2024-09-05,175.0000,179.8800,175.0000,177.8900,177.8900,40170500
2024-09-06,177.2400,178.3800,171.1600,171.3900,171.3900,41466500
2024-09-09,174.5300,175.8500,173.5100,175.4000,175.4000,29037400
2024-09-10,177.4900,180.5000,176.7900,179.5500,179.5500,36233800
2024-09-11,180.1000,184.9900,175.7300,184.5200,184.5200,42564700
2024-09-12,184.8000,187.4100,183.5400,187.0000,187.0000,33544200
2024-09-13,187.0000,188.5000,185.9100,186.4900,186.4900,26495400
2024-09-16,185.2900,185.8100,183.3600,184.8900,184.8900,26065500
2024-09-17,186.8500,189.4500,186.1400,186.8800,186.8800,26091700
2024-09-18,186.4500,188.8000,185.0600,186.4300,186.4300,34448100
2024-09-19,190.0400,190.9900,188.4700,189.8700,189.8700,39543200
2024-09-20,190.2300,191.8400,187.4100,191.6000,191.6000,100378600
2024-09-23,191.6400,194.4500,190.5700,193.8800,193.8800,36993100
2024-09-24,194.2700,195.3700,190.1300,193.9600,193.9600,43478900
2024-09-25,193.7500,193.9500,192.1600,192.5300,192.5300,26391100
2024-09-26,194.3100,194.5300,189.5400,191.1600,191.1600,36334900
2024-09-27,190.6800,190.9000,187.3400,187.9700,187.9700,36002300
2024-09-30,187.1400,188.4900,184.6500,186.3300,186.3300,41583900
2024-10-01,184.9000,186.1900,183.4500,185.1300,185.1300,36044900
2024-10-02,184.4400,186.6000,184.0400,184.7600,184.7600,23704100
2024-10-03,183.0500,183.4400,180.8800,181.9600,181.9600,30204300
2024-10-04,185.7500,187.6000,183.6000,186.5100,186.5100,40890300
2024-10-07,182.9500,183.6000,180.2500,180.8000,180.8000,42364200
2024-10-08,181.9200,183.0900,180.9200,182.7200,182.7200,26372100
2024-10-09,182.8200,185.8500,182.0500,185.1700,185.1700,26343100
2024-10-10,187.1300,188.1300,185.8300,186.6500,186.6500,27785000
2024-10-11,186.6300,189.9300,186.3000,188.8200,188.8200,25751600
2024-10-14,189.7800,189.8300,187.3600,187.5400,187.5400,22614400
2024-10-15,187.6300,188.4100,184.5800,187.6900,187.6900,32178900
2024-10-16,187.0500,187.7800,185.6100,186.8900,186.8900,23456800
2024-10-17,188.2200,188.9400,186.0000,187.5300,187.5300,25039400
2024-10-18,187.1500,190.7400,186.2800,188.9900,188.9900,37417700
2024-10-21,188.0500,189.4600,186.4000,189.0700,189.0700,24639400
2024-10-22,188.3500,191.5200,186.9800,189.7000,189.7000,29650600
2024-10-23,188.8500,189.1600,183.6900,184.7100,184.7100,31937100
2024-10-24,185.2500,187.1100,183.8600,186.3800,186.3800,21647400
2024-10-25,187.8500,190.4500,187.5300,187.8300,187.8300,29362100
2024-10-28,189.5700,190.2100,188.2100,188.3900,188.3900,27930800
2024-10-29,188.5800,191.4600,187.8200,190.8300,190.8300,35690200
2024-10-30,194.7000,195.6100,192.4200,192.7300,192.7300,37707600
2024-10-31,190.5100,190.6000,185.2300,186.4000,186.4000,75146800
2024-11-01,199.0000,200.5000,197.0200,197.9300,197.9300,99687800
2024-11-04,196.4500,197.3300,194.3100,195.7800,195.7800,38492100
2024-11-05,196.0400,199.8200,195.9900,199.5000,199.5000,30564800
2024-11-06,200.0100,207.5500,199.1400,207.0900,207.0900,72292200
2024-11-07,207.4400,212.2500,207.1900,210.0500,210.0500,52878400
2024-11-08,209.7200,209.9600,207.4400,208.1800,208.1800,36075800
2024-11-11,208.5000,209.6500,205.5900,206.8400,206.8400,35456000
2024-11-12,208.3700,209.5400,206.0100,208.9100,208.9100,38942900
2024-11-13,209.4000,215.0900,209.1400,214.1000,214.1000,46212900
2024-11-14,214.1600,215.9000,210.8800,211.4800,211.4800,42620300
2024-11-15,206.7600,207.3400,199.6100,202.6100,202.6100,86591100
2024-11-18,204.1500,204.6700,200.9500,201.7000,201.7000,36409900
2024-11-19,199.3300,205.3000,198.7800,204.6100,204.6100,31197900
2024-11-20,202.9800,203.1300,199.4500,202.8800,202.8800,32769000
2024-11-21,203.4900,203.4900,195.7500,198.3800,198.3800,58800000
2024-11-22,198.2500,199.2600,196.7500,197.1200,197.1200,31530800
2024-11-25,199.2800,201.9500,199.0000,201.4500,201.4500,40685700
2024-11-26,201.9000,208.0000,201.7900,207.8600,207.8600,41673700
2024-11-27,206.9800,207.6400,205.0500,205.7400,205.7400,28061600
2024-11-29,205.8300,208.2000,204.5900,207.8900,207.8900,24892400
2024-12-02,209.9600,212.9900,209.5100,210.7100,210.7100,39523200
2024-12-03,210.3100,214.0200,209.6500,213.4400,213.4400,32214800
2024-12-04,215.9600,220.0000,215.7500,218.1600,218.1600,48745700
2024-12-05,218.0300,222.1500,217.3000,220.5500,220.5500,41140200
2024-12-06,220.7500,227.1500,220.6000,227.0300,227.0300,44178100
2024-12-09,227.2100,230.0800,225.6700,226.0900,226.0900,46819400
2024-12-10,226.0900,229.0600,224.2000,225.0400,225.0400,31199900
2024-12-11,226.4100,231.2000,226.2600,230.2600,230.2600,35385800
2024-12-12,229.8300,231.0900,227.6300,228.9700,228.9700,28204100
2024-12-13,228.4000,230.2000,225.8600,227.4600,227.4600,28768100
2024-12-16,230.2300,233.0000,228.0100,232.9300,232.9300,37552100
2024-12-17,232.3900,232.7300,227.8500,231.1500,231.1500,35948100
2024-12-18,230.7700,231.4000,220.1100,220.5200,220.5200,43281400
2024-12-19,224.9100,226.0900,222.9200,223.2900,223.2900,39918700
2024-12-20,219.8400,226.2100,218.7300,224.9200,224.9200,88279200
2024-12-23,225.0100,226.8800,223.9000,225.0600,225.0600,28070000
2024-12-24,226.9400,229.1400,226.1300,229.0500,229.0500,15007500
2024-12-26,228.5000,228.5000,226.6700,227.0500,227.0500,16146700
2024-12-27,225.6000,226.0300,220.9000,223.7500,223.7500,27367100
2024-12-30,220.0600,223.0000,218.4300,221.3000,221.3000,28321200
2024-12-31,222.9700,223.2300,218.9400,219.3900,219.3900,24819700
2025-01-02,222.0300,225.1500,218.1900,220.2200,220.2200,33956600
2025-01-03,222.5100,225.3600,221.6200,224.1900,224.1900,27515600
2025-01-06,226.7800,228.8400,224.8400,227.6100,227.6100,31849800
2025-01-07,227.9000,228.3800,221.4600,222.1100,222.1100,28084200
2025-01-08,223.1900,223.5200,220.2000,222.1300,222.1300,25033300
2025-01-10,221.4600,221.7100,216.5000,218.9400,218.9400,36811500
2025-01-13,218.0600,219.4000,216.4700,218.4600,218.4600,27262700
2025-01-14,220.4400,221.8200,216.2000,217.7600,217.7600,24711700
2025-01-15,222.8300,223.5700,220.7500,223.3500,223.3500,31291300
2025-01-16,224.4200,224.6500,220.3100,220.6600,220.6600,24757300
2025-01-17,225.8400,226.5100,223.0800,225.9400,225.9400,42370100
2025-01-21,228.9000,231.7800,226.9400,230.7100,230.7100,39951500
2025-01-22,232.0200,235.4400,231.1900,235.0100,235.0100,41448200
2025-01-23,234.1000,235.5200,231.5100,235.4200,235.4200,26404400
2025-01-24,234.5000,236.4000,232.9300,234.8500,234.8500,25890700
2025-01-27,226.2100,235.6100,225.8600,235.4200,235.4200,49428300
2025-01-28,234.2900,241.7700,233.9800,238.1500,238.1500,41587200
2025-01-29,239.0200,240.3900,236.1500,237.0700,237.0700,26091700
2025-01-30,237.1400,237.9500,232.2200,234.6400,234.6400,32020700
2025-01-31,236.5000,240.2900,236.4100,237.6800,237.6800,36110200
2025-02-03,234.0600,239.2500,232.9000,237.4200,237.4200,37285900
2025-02-04,239.0100,242.5200,238.0300,242.0600,242.0600,29713800
2025-02-05,237.0200,238.3200,235.2000,236.1700,236.1700,38727300
2025-02-06,238.0100,239.6600,236.0100,238.8300,238.8300,60897100
2025-02-07,232.5000,234.8100,228.0600,229.1500,229.1500,77539300
2025-02-10,230.5500,233.9200,229.2000,233.1400,233.1400,35419900
2025-02-11,231.9200,233.4400,230.1300,232.7600,232.7600,23713700
2025-02-12,230.4600,231.1800,228.1600,228.9300,228.9300,32285200
2025-02-13,228.8500,230.4200,227.5200,230.3700,230.3700,31346500
2025-02-14,229.2000,229.8900,227.2300,228.6800,228.6800,27031100
2025-02-18,228.8200,229.3000,223.7200,226.6500,226.6500,42975100
2025-02-19,225.5200,226.8300,223.7100,226.6300,226.6300,28566700
2025-02-20,224.7800,225.1300,221.8100,222.8800,222.8800,30001700
2025-02-21,223.2800,223.3100,214.7400,216.5800,216.5800,55323900
2025-02-24,217.4500,217.7200,212.4200,212.7100,212.7100,42387600
2025-02-25,211.6300,213.3400,204.1600,212.8000,212.8000,58958000
2025-02-26,214.9400,218.1600,213.0900,214.3500,214.3500,39120600
2025-02-27,218.3500,219.9700,208.3700,208.7400,208.7400,40548600
2025-02-28,208.6500,212.6200,206.9900,212.2800,212.2800,51771700
2025-03-03,213.3500,214.0100,202.5500,205.0200,205.0200,42948400
2025-03-04,200.1100,206.8000,197.4300,203.8000,203.8000,60853100
2025-03-05,204.8000,209.9800,203.2600,208.3600,208.3600,38610100
2025-03-06,204.4000,205.7700,198.3000,200.7000,200.7000,49863800
2025-03-07,199.4900,202.2700,192.5300,199.2500,199.2500,59802800
2025-03-10,195.6000,196.7300,190.8500,194.5400,194.5400,62350900
2025-03-11,193.9000,200.1800,193.4000,196.5900,196.5900,54002900
2025-03-12,200.7200,201.5200,195.2900,198.8900,198.8900,43679300
2025-03-13,198.1700,198.8800,191.8200,193.8900,193.8900,41270800
2025-03-14,197.4100,198.6500,195.3200,197.9500,197.9500,38096700
2025-03-17,198.7700,199.0000,194.3200,195.7400,195.7400,47341800
2025-03-18,192.5200,194.0000,189.3800,192.8200,192.8200,40414900
2025-03-19,193.3800,195.9700,191.9600,195.5400,195.5400,39442900
2025-03-20,193.0700,199.3200,192.3000,194.9500,194.9500,38921100
2025-03-21,192.9000,196.9900,192.5200,196.2100,196.2100,60056900
2025-03-24,200.0000,203.6400,199.9500,203.2600,203.2600,41625400
2025-03-25,203.6000,206.2100,203.2200,205.7100,205.7100,31171200
2025-03-26,205.8400,206.0100,199.9300,201.1300,201.1300,32855300
2025-03-27,200.8900,203.7900,199.2800,201.3600,201.3600,27317700
2025-03-28,198.4200,199.2600,191.8800,192.7200,192.7200,52548200
2025-03-31,188.1900,191.3300,184.4000,190.2600,190.2600,63547600
2025-04-01,187.8600,193.9300,187.2000,192.1700,192.1700,41267300
2025-04-02,187.6600,198.3400,187.6600,196.0100,196.0100,53679200
2025-04-03,183.0000,184.1300,176.9200,178.4100,178.4100,95553600
2025-04-04,167.1500,178.1400,166.0000,171.0000,171.0000,123159400
2025-04-07,162.0000,183.4100,161.3800,175.2600,175.2600,109327100
2025-04-08,185.2300,185.9000,168.5700,170.6600,170.6600,87710400
2025-04-09,172.1200,192.6500,169.9300,191.1000,191.1000,116804300
2025-04-10,185.4400,186.8700,175.8500,181.2200,181.2200,68302000
2025-04-11,179.9300,185.8600,178.0000,184.8700,184.8700,50594300
2025-04-14,186.8400,187.4400,179.2300,182.1200,182.1200,48002500
2025-04-15,181.4100,182.3500,177.9300,179.5900,179.5900,43642000
2025-04-16,176.2900,179.1000,171.4100,174.3300,174.3300,51875300
2025-04-17,176.0000,176.2100,172.0000,172.6100,172.6100,44726500
2025-04-21,169.6000,169.6000,165.2900,167.3200,167.3200,48126100
2025-04-22,169.8500,176.7800,169.3500,173.1800,173.1800,56607200
2025-04-23,183.4500,187.3800,180.1900,180.6000,180.6000,63470100
2025-04-24,180.9200,186.7400,180.1800,186.5400,186.5400,43763200
2025-04-25,187.6200,189.9400,185.4900,188.9900,188.9900,36414300
2025-04-28,190.1100,190.2200,184.8900,187.7000,187.7000,33224700
2025-04-29,183.9900,188.0200,183.6800,187.3900,187.3900,41667300
2025-04-30,182.1700,185.0500,178.8500,184.4200,184.4200,55176500
2025-05-01,190.6300,191.8100,187.5000,190.2000,190.2000,74266000
2025-05-02,191.4400,192.8800,186.4000,189.9800,189.9800,77903500
2025-05-05,186.5100,188.1800,185.5300,186.3500,186.3500,35217500
2025-05-06,184.5700,187.9300,183.8500,185.0100,185.0100,29314100
2025-05-07,185.5600,190.9900,185.0100,188.7100,188.7100,43948600
2025-05-08,191.4300,194.3300,188.8200,192.0800,192.0800,41043600
2025-05-09,193.3800,194.6900,191.1600,193.0600,193.0600,29663100
2025-05-12,210.7100,211.6600,205.7500,208.6400,208.6400,75205000
2025-05-13,211.0800,214.8400,210.1000,211.3700,211.3700,56193700
2025-05-14,211.4500,211.9300,208.8500,210.2500,210.2500,38492100
2025-05-15,206.4500,206.8800,202.6700,205.1700,205.1700,64347300
2025-05-16,206.8500,206.8500,204.3700,205.5900,205.5900,43318500
2025-05-19,201.6500,206.6200,201.2600,206.1600,206.1600,34314800
2025-05-20,204.6300,205.5900,202.6500,204.0700,204.0700,29470400
2025-05-21,201.6100,203.4600,200.0600,201.1200,201.1200,42460900
2025-05-22,201.3800,205.7600,200.1600,203.1000,203.1000,38938900
2025-05-23,198.9000,202.3700,197.8500,200.9900,200.9900,33393500
2025-05-27,203.0900,206.6900,202.1900,206.0200,206.0200,34892000
2025-05-28,205.9200,207.6600,204.4100,204.7200,204.7200,28549800
2025-05-29,208.0300,208.8100,204.2300,205.7000,205.7000,34650000
2025-05-30,204.8400,205.9900,201.7000,205.0100,205.0100,51679400
2025-06-02,204.9800,207.0000,202.6800,206.6500,206.6500,29113300
2025-06-03,207.1100,208.9500,205.0300,205.7100,205.7100,33139100
2025-06-04,206.5500,208.1800,205.1800,207.2300,207.2300,29915600
2025-06-05,209.5500,212.8100,207.5600,207.9100,207.9100,51864200
2025-06-06,212.4000,213.8700,210.5000,213.5700,213.5700,39832500
2025-06-09,214.7500,217.8500,212.8800,216.9800,216.9800,38102500
2025-06-10,216.7800,217.6900,214.1500,217.6100,217.6100,31303300
2025-06-11,217.4100,218.4000,212.8900,213.2000,213.2000,39326000
2025-06-12,211.7800,213.5800,211.3300,213.2400,213.2400,27640000
2025-06-13,209.9600,214.0500,209.6200,212.1000,212.1000,29337800
2025-06-16,212.3100,217.0600,211.6000,216.1000,216.1000,33284200
2025-06-17,215.2000,217.4100,214.5600,214.8200,214.8200,32086300
2025-06-18,215.0900,217.9600,212.3400,212.5200,212.5200,44360500
2025-06-20,214.6800,214.8900,208.2700,209.6900,209.6900,75350700
2025-06-23,209.7900,210.3900,207.3100,208.4700,208.4700,37311700
2025-06-24,212.1400,214.3400,211.0500,212.7700,212.7700,38378800
2025-06-25,214.6200,216.0300,211.1100,211.9900,211.9900,31755700
2025-06-26,213.1200,218.0400,212.0100,217.1200,217.1200,50480800
2025-06-27,219.9200,223.3000,216.7400,223.3000,223.3000,119217100
2025-06-30,223.5200,223.8200,219.1200,219.3900,219.3900,58887800
2025-07-01,219.5000,221.8800,217.9300,220.4600,220.4600,39256800
2025-07-02,219.7300,221.6000,219.0600,219.9200,219.9200,30894200
2025-07-03,221.8200,224.0100,221.3600,223.4100,223.4100,29632400
2025-07-07,223.0000,224.2900,222.3700,223.4700,223.4700,36604100
2025-07-08,223.9200,224.0000,218.4300,219.3600,219.3600,45692000
2025-07-09,221.0700,224.2900,220.4700,222.5400,222.5400,38155100
2025-07-10,221.5500,222.7900,219.7000,222.2600,222.2600,30370600
2025-07-11,223.5800,226.6800,222.3700,225.0200,225.0200,50518300
2025-07-14,225.0700,226.6600,224.2400,225.6900,225.6900,35702600
2025-07-15,226.2000,227.2700,225.4600,226.3500,226.3500,34907300
2025-07-16,225.8800,226.1000,222.1800,223.1900,223.1900,39535900
2025-07-17,223.3200,224.5000,222.5100,223.8800,223.8800,31855800
2025-07-18,225.1400,226.4000,222.9800,226.1300,226.1300,37833800
2025-07-21,225.8400,229.6900,225.6500,229.3000,229.3000,40297600
2025-07-22,229.6800,230.0000,226.3500,227.4700,227.4700,37483700
2025-07-23,228.4700,228.7900,227.0900,228.2900,228.2900,28294900
2025-07-24,229.1700,236.0000,228.6400,232.2300,232.2300,42902300
2025-07-25,232.2200,232.4800,231.1800,231.4400,231.4400,28712100
2025-07-28,233.3500,234.2900,232.2500,232.7900,232.7900,26300100
2025-07-29,234.1500,234.7200,230.3100,231.0100,231.0100,33716200
2025-07-30,231.6400,231.8000,229.2900,230.1900,230.1900,32993300
2025-07-31,235.7700,236.5300,231.4000,234.1100,234.1100,104357300
2025-08-01,217.2100,220.4400,212.8000,214.7500,214.7500,122258800
2025-08-04,217.4000,217.4400,211.4200,211.6500,211.6500,77890100
2025-08-05,213.0500,216.3000,212.8700,213.7500,213.7500,51505100
2025-08-06,214.7000,222.6500,213.7400,222.3100,222.3100,54823000
2025-08-07,221.0000,226.2200,220.8200,223.1300,223.1300,40603500
2025-08-08,223.1400,223.8000,221.8800,222.6900,222.6900,32970500
2025-08-11,221.7800,223.0500,220.4000,221.3000,221.3000,31646200
2025-08-12,222.2300,223.5000,219.0500,221.4700,221.4700,37185800
2025-08-13,222.0000,224.9200,222.0000,224.5600,224.5600,36508300
2025-08-14,227.4000,233.1100,227.0200,230.9800,230.9800,61545800
2025-08-15,232.5800,234.0800,229.8100,231.0300,231.0300,39649200
2025-08-18,230.2300,231.9100,228.3300,231.4900,231.4900,25248900
2025-08-19,230.0900,230.5300,227.1200,228.0100,228.0100,29891000
2025-08-20,227.1200,227.2700,220.9200,223.8100,223.8100,36604300
2025-08-21,222.6500,222.7800,220.5000,221.9500,221.9500,32140500
2025-08-22,222.7900,229.1400,220.8200,228.8400,228.8400,37315300
2025-08-25,227.3500,229.6000,227.3100,227.9400,227.9400,22633700
2025-08-26,227.1100,229.0000,226.0200,228.7100,228.7100,26105400
2025-08-27,228.5700,229.8700,227.8100,229.1200,229.1200,21254500
2025-08-28,229.0100,232.7100,228.0200,231.6000,231.6000,33679600
2025-08-29,231.3200,231.8100,228.1600,229.0000,229.0000,26199200
2025-09-02,223.5200,226.1700,221.8300,225.3400,225.3400,38843900
2025-09-03,225.2100,227.1700,224.3600,225.9900,225.9900,29223100
2025-09-04,231.1900,235.7700,230.7800,235.6800,235.6800,59391800
2025-09-05,235.1900,236.0000,231.9300,232.3300,232.3300,36721800
2025-09-08,234.9400,237.6000,233.7500,235.8400,235.8400,33947100
2025-09-09,236.3600,238.8500,235.0800,238.2400,238.2400,27033800
2025-09-10,237.5200,237.6800,229.1000,230.3300,230.3300,60907700
2025-09-11,231.4900,231.5300,229.3400,229.9500,229.9500,37485600
2025-09-12,230.3500,230.7900,226.2900,228.1500,228.1500,38496200
2025-09-15,230.6300,233.7300,230.3200,231.4300,231.4300,33243300
2025-09-16,232.9400,235.9000,232.2300,234.0500,234.0500,38203900
2025-09-17,233.7700,234.3000,228.7100,231.6200,231.6200,42815200
2025-09-18,232.5000,233.4800,228.7900,231.2300,231.2300,37931700
2025-09-19,232.3700,234.1600,229.7000,231.4800,231.4800,97943200
2025-09-22,230.5600,230.5700,227.5100,227.6300,227.6300,45914500
2025-09-23,227.8300,227.8600,220.0700,220.7100,220.7100,70956200
2025-09-24,224.1500,224.5600,219.4500,220.2100,220.2100,49509000
2025-09-25,220.0600,220.6700,216.4700,218.1500,218.1500,52226300
2025-09-26,219.0800,221.0500,218.0200,219.7800,219.7800,41650100
2025-09-29,220.0800,222.6000,219.3000,222.1700,222.1700,44259200
2025-09-30,222.0300,222.2400,217.8900,219.5700,219.5700,48396400
2025-10-01,217.3600,222.1500,216.6100,220.6300,220.6300,43933800
2025-10-02,221.0100,222.8100,218.9500,222.4100,222.4100,41258600
2025-10-03,223.4400,224.2000,219.3400,219.5100,219.5100,43639000
2025-10-06,221.0000,221.7300,216.0300,220.9000,220.9000,43690900
2025-10-07,220.8800,222.8900,220.1700,221.7800,221.7800,31194700
2025-10-08,222.9200,226.7300,221.1900,225.2200,225.2200,46686000
2025-10-09,225.0000,228.2100,221.7500,227.7400,227.7400,46412100
2025-10-10,226.2100,228.2500,216.0000,216.3700,216.3700,72367500
2025-10-13,217.7000,220.6800,217.0400,220.0700,220.0700,37809700
2025-10-14,215.5600,219.3200,212.6000,216.3900,216.3900,45665600
2025-10-15,216.6200,217.7100,212.6600,215.5700,215.5700,45909500
2025-10-16,215.6700,218.5900,212.8100,214.4700,214.4700,42414600
2025-10-17,214.5600,214.8000,211.0300,213.0400,213.0400,45986900
2025-10-20,213.8800,216.6900,213.5900,216.4800,216.4800,38882800
2025-10-21,218.4300,223.3200,217.9900,222.0300,222.0300,50494600
2025-10-22,219.3000,220.0100,216.5200,217.9500,217.9500,44308500
2025-10-23,219.0000,221.3000,218.1800,221.0900,221.0900,31540000
2025-10-24,221.9700,225.4000,221.9000,224.2100,224.2100,38685100
2025-10-27,227.6600,228.4000,225.5400,226.9700,226.9700,38267000
2025-10-28,228.2200,231.4900,226.2100,229.2500,229.2500,47100000
2025-10-29,231.6700,232.8200,227.7600,230.3000,230.3000,52036200
2025-10-30,227.0600,228.4400,222.7500,222.8600,222.8600,102252900
2025-10-31,250.1000,250.5000,243.9800,244.2200,244.2200,166340800
2025-11-03,255.3600,258.6000,252.9000,254.0000,254.0000,95997800
2025-11-04,250.3800,257.0100,248.6600,249.3200,249.3200,51546300
2025-11-05,249.0300,251.0000,246.1600,250.2000,250.2000,40610700
2025-11-06,249.1600,250.3800,242.1700,243.0400,243.0400,46004200
2025-11-07,242.9000,244.9000,238.4900,244.4100,244.4100,46374300
2025-11-10,248.3400,251.7500,245.5900,248.4000,248.4000,36476500
2025-11-11,248.4100,249.7500,247.2300,249.1000,249.1000,23564100
2025-11-12,250.2400,250.3700,243.7500,244.2000,244.2000,31190100
2025-11-13,243.0500,243.7500,236.5000,237.5800,237.5800,41401700
2025-11-14,235.0600,238.7300,232.8900,234.6900,234.6900,38956700
2025-11-17,233.2500,234.6000,229.1900,232.8700,232.8700,59919000
2025-11-18,228.1000,230.2000,222.4200,222.5500,222.5500,60608400
2025-11-19,223.7400,223.7400,218.5200,222.6900,222.6900,58335600
2025-11-20,227.0500,227.4100,216.7400,217.1400,217.1400,50309000
2025-11-21,216.3500,222.2100,215.1800,220.6900,220.6900,68490500
2025-11-24,222.5600,227.3300,222.2700,226.2800,226.2800,54318400
2025-11-25,226.3800,230.5200,223.8000,229.6700,229.6700,39379300
2025-11-26,230.7400,231.7500,228.7700,229.1600,229.1600,38497900
2025-11-28,231.2400,233.2900,230.2200,233.2200,233.2200,20292300
2025-12-01,233.2200,235.8000,232.2500,233.8800,233.8800,42904000
2025-12-02,235.0100,238.9700,233.5500,234.4200,234.4200,45785400
2025-12-03,233.3500,233.3800,230.6100,232.3800,232.3800,35495100
2025-12-04,232.7700,233.5000,226.8000,229.1100,229.1100,45683200
2025-12-05,230.3200,231.2400,228.5500,229.5300,229.5300,33117400
2025-12-08,229.5900,230.8300,226.2700,226.8900,226.8900,35019200
2025-12-09,226.8400,228.5700,225.1100,227.9200,227.9200,25841700
2025-12-10,228.8100,232.4200,228.4600,231.7800,231.7800,38790700
2025-12-11,230.7100,232.1100,228.6900,230.2800,230.2800,28249600
2025-12-12,229.8700,230.0800,225.1200,226.1900,226.1900,35639100
2025-12-15,227.9300,227.9300,221.5000,222.5400,222.5400,47286100
2025-12-16,223.0400,223.6600,221.1300,222.5600,222.5600,39298900
2025-12-17,224.6600,225.1900,220.9900,221.2700,221.2700,44034400
2025-12-18,225.7100,229.2300,224.4100,226.7600,226.7600,50272400
2025-12-19,226.7600,229.1300,225.5800,227.3500,227.3500,85544400
2025-12-22,228.6100,229.4800,226.7100,228.4300,228.4300,32261300
2025-12-23,229.0600,232.4500,228.7300,232.1400,232.1400,29230200
2025-12-24,232.1300,232.9500,231.3300,232.3800,232.3800,11420500
2025-12-26,232.0400,232.9900,231.1800,232.5200,232.5200,15994700
2025-12-29,231.9400,232.6000,230.7700,232.0700,232.0700,19797900
2025-12-30,231.2100,232.7700,230.2000,232.5300,232.5300,21910500
2025-12-31,232.9100,232.9900,230.1200,230.8200,230.8200,24383700
2026-01-02,231.3400,235.4600,224.7000,226.5000,226.5000,51456200
2026-01-05,228.8400,234.0000,227.1800,233.0600,233.0600,49733300
2026-01-06,232.1000,243.1800,232.0700,240.9300,240.9300,53764700
2026-01-07,239.6100,245.2900,239.5200,241.5600,241.5600,42236500
2026-01-08,243.0600,246.4100,241.8800,246.2900,246.2900,39509800
2026-01-09,244.5700,247.8600,242.2400,247.3800,247.3800,34560000
2026-01-12,246.7300,248.9400,245.9600,246.4700,246.4700,35867800
2026-01-13,246.5300,247.6600,240.2500,242.6000,242.6000,38371800
2026-01-14,241.1500,241.2800,236.2200,236.6500,236.6500,41410600
2026-01-15,239.3100,240.6500,236.6300,238.1800,238.1800,43003600
2026-01-16,239.0900,239.5700,236.4100,239.1200,239.1200,45888300
2026-01-20,233.7600,235.0900,229.3400,231.0000,231.0000,47737900
2026-01-21,231.0900,232.3000,226.8800,231.3100,231.3100,47276100
2026-01-22,234.0500,235.7200,230.9000,234.3400,234.3400,31913300
2026-01-23,234.9600,240.4500,234.5700,239.1600,239.1600,33778500
2026-01-26,239.9800,240.9500,237.5400,238.4200,238.4200,32825500
2026-01-27,239.6900,244.8800,238.0800,244.6800,244.6800,38029200
2026-01-28,246.3700,247.7800,241.5300,243.0100,243.0100,40882700
2026-01-29,242.8200,243.0000,236.7400,241.7300,241.7300,47229600
2026-01-30,239.8900,243.3200,237.6400,239.3000,239.3000,46585000
2026-02-02,238.3100,245.6300,238.1700,242.9600,242.9600,37546100
2026-02-03,244.9800,246.3500,235.4500,238.6200,238.6200,53831300
2026-02-04,238.8600,238.8600,231.8200,232.9900,232.9900,51299900
2026-02-05,224.9100,226.3100,220.3800,222.6900,222.6900,103509200
2026-02-06,202.7000,211.4400,200.3100,210.3200,210.3200,179210900
2026-02-09,208.9700,212.8100,203.3500,208.7200,208.7200,91178400
2026-02-10,208.8000,212.6500,206.4100,206.9600,206.9600,67175000
2026-02-11,208.0600,208.5700,202.4900,204.0800,204.0800,65545500
2026-02-12,203.9600,203.9600,197.5600,199.6000,199.6000,83975400
2026-02-13,198.8800,201.1600,197.2800,198.7900,198.7900,66321600
2026-02-17,198.1300,201.7400,196.0000,201.1500,201.1500,69879200
2026-02-18,202.0700,206.8600,201.5100,204.7900,204.7900,51003300
2026-02-19,203.8000,205.6400,202.8100,204.8600,204.8600,35669600
2026-02-20,204.7600,211.1700,203.7500,210.1100,210.1100,65881600
2026-02-23,208.1000,208.4300,203.1100,205.2700,205.2700,53581500
2026-02-24,205.4700,210.3600,203.2500,208.5600,208.5600,41137200
2026-02-25,210.4600,211.5900,208.9300,210.6400,210.6400,41346400
2026-02-26,210.7300,211.0500,205.3500,207.9200,207.9200,47756800
2026-02-27,206.8300,210.3300,205.2000,210.0000,210.0000,57422800
2026-03-02,204.5500,209.7300,203.4600,208.3900,208.3900,46001000
2026-03-03,203.1000,209.1800,202.4800,208.7300,208.7300,43184900
2026-03-04,210.4700,217.5400,210.1500,216.8200,216.8200,54731100
2026-03-05,215.9800,220.4700,215.5900,218.9400,218.9400,60943400
2026-03-06,214.9900,217.3200,212.5300,213.2100,213.2100,51152700
2026-03-09,210.4500,213.8200,207.1100,213.4900,213.4900,54642900
2026-03-10,214.1900,215.6500,212.4300,214.3300,214.3300,35678800
2026-03-11,215.7100,217.0000,211.3500,212.6500,212.6500,34199300
2026-03-12,210.3900,211.7100,208.1500,209.5300,209.5300,44349500
2026-03-13,209.6100,210.5600,206.2200,207.6700,207.6700,35662100
2026-03-16,208.3500,212.7200,207.4500,211.7400,211.7400,42209300
2026-03-17,212.8200,215.7000,212.4300,215.2000,215.2000,44969900
2026-03-18,213.9300,215.1400,208.8300,209.8700,209.8700,37846600
2026-03-19,207.0600,209.1200,206.0500,208.7600,208.7600,36440600
2026-03-20,207.4000,207.5400,204.3200,205.3700,205.3700,63694600
2026-03-23,209.7900,212.8000,209.5100,210.1400,210.1400,44277400
2026-03-24,207.9500,209.3500,206.6400,207.2400,207.2400,35351400
2026-03-25,211.5600,213.0700,209.9000,211.7100,211.7100,36388800
2026-03-26,210.6100,212.8900,207.1200,207.5400,207.5400,46746000
2026-03-27,206.4600,206.6000,199.1400,199.3400,199.3400,56009800
2026-03-30,201.4800,203.8000,199.9800,200.9500,200.9500,46373800
2026-03-31,204.8500,210.2800,204.1400,208.2700,208.2700,58470100
2026-04-01,210.4400,213.5800,208.1900,210.5700,210.5700,45955400
2026-04-02,206.5400,212.2100,204.9000,209.7700,209.7700,31453000
2026-04-06,209.8000,212.9500,209.5900,212.7900,212.7900,25385500
2026-04-07,211.2400,213.9700,209.0800,213.7700,213.7700,28154600
2026-04-08,223.7900,226.1000,219.6200,221.2500,221.2500,51092700
2026-04-09,225.2300,233.8000,223.2700,233.6500,233.6500,65964200
2026-04-10,235.3000,240.4300,235.2100,238.3800,238.3800,56912800
2026-04-13,237.4500,240.0000,235.7500,239.8900,239.8900,42166200
2026-04-14,241.7800,252.1800,241.7800,249.0200,249.0200,72685000
2026-04-15,249.2500,250.4400,247.2000,248.5000,248.5000,43045200
2026-04-16,248.5100,250.0000,244.2000,249.7000,249.7000,41895700
2026-04-17,254.9900,256.1800,250.1100,250.5600,250.5600,52029300
2026-04-20,249.1900,250.1800,245.3700,248.2800,248.2800,39463100
2026-04-21,255.0900,255.0900,249.1000,249.9100,249.9100,42922400
2026-04-22,252.4400,255.9400,250.3300,255.3600,255.3600,36065100
2026-04-23,255.3900,258.7900,253.0700,255.0800,255.0800,39091400
2026-04-24,259.9800,264.5000,257.6900,263.9900,263.9900,53777400
2026-04-27,263.4600,264.1500,260.3400,261.1200,261.1200,44906800
2026-04-28,258.3900,261.0300,256.6300,259.7000,259.7000,42204400
2026-04-29,257.9900,265.9100,257.7000,263.0400,263.0400,72367900
2026-04-30,273.1700,273.8800,256.1600,265.0600,265.0600,100974900
2026-05-01,265.5800,273.3200,262.7400,268.2600,268.2600,50825200
2026-05-04,268.8000,276.1000,268.8000,272.0500,272.0500,49083700
2026-05-05,276.0800,278.5600,272.3800,273.5500,273.5500,41908500
2026-05-06,272.8900,277.8000,272.2100,274.9900,274.9900,44552000
2026-05-07,275.0200,276.6300,270.4900,271.1700,271.1700,35892900
2026-05-08,271.6300,274.0000,269.9500,272.6800,272.6800,34732700
2026-05-11,269.8400,273.6300,268.4800,268.9900,268.9900,38176700
2026-05-12,266.7100,267.6500,262.6300,265.8200,265.8200,36776200
2026-05-13,264.4300,270.7200,263.2000,270.1300,270.1300,39670900
2026-05-14,269.1500,270.7800,266.6300,267.2200,267.2200,31338400
2026-05-15,262.5000,264.3600,260.8900,264.1400,264.1400,40770300
2026-05-18,263.8700,268.8500,262.5300,264.8600,264.8600,33690800
2026-05-19,262.0400,262.2500,255.1900,259.3400,259.3400,40340700
2026-05-20,260.0500,265.5800,259.5300,265.0100,265.0100,34933200
2026-05-21,263.5000,269.4900,261.3700,268.4600,268.4600,36591700
2026-05-22,268.6600,269.7900,266.2400,266.3200,266.3200,27535500
2026-05-26,267.9400,269.3000,262.0700,265.2900,265.2900,38028100
2026-05-27,266.1500,272.4100,265.7000,271.8500,271.8500,40061900
2026-05-28,272.2700,274.5000,267.4400,274.0000,274.0000,40630400
2026-05-29,271.2900,274.7500,269.6400,270.6400,270.6400,54749600
2026-06-01,266.2900,266.6300,260.7000,261.2600,261.2600,53604400
2026-06-02,257.1600,261.2000,254.3700,256.5200,256.5200,41811000
2026-06-03,254.7000,257.0900,247.7100,250.0200,250.0200,51394200
2026-06-04,253.1200,255.8300,251.7500,253.7900,253.7900,35609800
2026-06-05,254.2600,256.3800,245.7800,246.0300,246.0300,55607800
2026-06-08,246.6800,249.4200,243.3600,245.2200,245.2200,33899500
2026-06-09,247.7300,250.4300,240.4000,244.1900,244.1900,44425400
2026-06-10,243.6100,244.0700,237.4500,238.0000,238.0000,38590200
2026-06-11,237.9300,242.1400,235.1800,241.5100,241.5100,41335400
2026-06-12,243.2100,243.3600,233.5900,238.5500,238.5500,51186600
2026-06-15,245.0200,247.8100,244.7300,246.0200,246.0200,41711600
2026-06-16,248.0000,249.5100,245.4500,246.0000,246.0000,35187400
2026-06-17,244.9000,245.9100,236.0000,237.5000,237.5000,44780800
2026-06-18,240.1200,245.7300,236.0200,244.3900,244.3900,75624400
2026-06-22,240.0800,242.0000,232.2400,232.7900,232.7900,68388500
2026-06-23,232.5500,236.8700,232.0000,234.1100,234.1100,60492600
2026-06-24,233.8500,242.4200,232.9500,234.2700,234.2700,70282600
2026-06-25,232.0200,232.3200,225.5500,227.0100,227.0100,77674100
2026-06-26,227.2100,233.9000,226.1300,232.6900,232.6900,248372100
2026-06-29,234.2200,249.7100,233.8000,240.1400,240.1400,77619200
2026-06-30,237.3500,241.5400,237.1700,238.3400,238.3400,66228300
2026-07-01,239.7500,244.9000,234.9000,241.7000,241.7000,53829900
2026-07-02,241.6100,246.7200,241.0800,242.6700,242.6700,48246400
2026-07-06,243.8000,246.0400,240.8800,244.1600,244.1600,40044000
2026-07-07,246.9800,248.9300,242.7000,245.9800,245.9800,40579600
2026-07-08,244.2700,244.8000,240.5200,243.6200,243.6200,29653000
2026-07-09,239.8200,247.5000,238.2500,247.0400,247.0400,38091700
2026-07-10,249.5500,251.0300,244.4100,245.3400,245.3400,31654000
2026-07-13,244.6800,249.6500,244.1800,247.3100,247.3100,34636100
2026-07-14,245.5500,248.5600,243.8000,247.4900,247.4900,30108100
2026-07-15,249.7500,256.4800,249.7500,254.9600,254.9600,45240600
2026-07-16,255.1200,258.0800,248.0000,249.8900,249.8900,45343700
2026-07-17,244.4600,250.2400,243.5900,247.2300,247.2300,43572400
2026-07-20,248.7600,252.8900,248.0000,249.9900,249.9900,32406500
2026-07-21,249.1100,249.3400,246.4200,247.5500,247.5500,27732100
2026-07-22,248.2700,248.4500,242.4500,244.8500,244.8500,34112700
2026-07-23,236.2600,238.3500,232.0500,233.6600,233.6600,47465300
2026-07-24,234.3800,234.9500,231.3400,232.1100,232.1100,35017400
2026-07-27,235.6700,235.8900,230.9900,231.3900,231.3900,34999500
2026-07-28,232.8500,233.1100,228.1000,230.8600,230.8600,44521600
2026-07-29,229.3200,232.8200,226.1600,226.6500,226.6500,44957500
2026-07-30,233.3500,239.8200,231.0600,235.5000,235.5000,101839800
2026-07-31,265.0000,273.2300,262.0100,271.5800,271.5800,129054800
2026-08-03,278.2900,287.2000,278.0000,284.0200,284.0200,90830200
2026-08-04,276.0600,281.0700,275.8200,277.4200,277.4200,69748100
2026-08-05,281.5900,282.7900,270.7300,272.6500,272.6500,45119800
2026-08-06,272.7700,275.4800,271.0600,272.2600,272.2600,30672900
2026-08-07,272.8700,278.3100,272.7500,274.4800,274.4800,33861400
2026-08-10,274.0100,280.1400,273.6000,278.0900,278.0900,35731900
2026-08-11,278.6900,278.8400,271.3600,272.2700,272.2700,31895700
2026-08-12,273.1800,273.4600,267.1000,267.2800,267.2800,29941100
2026-08-13,267.2400,269.5800,264.7100,265.1300,265.1300,32170200
2026-08-14,264.8800,265.8100,262.4200,262.6500,262.6500,27251700
2026-08-17,265.4400,265.7500,258.3400,261.3100,261.3100,43896500
2026-08-18,260.6300,262.1800,257.7300,259.4500,259.4500,33171300
2026-08-19,260.8500,266.4000,258.5800,265.8400,265.8400,35762400
2026-08-20,263.1600,263.8400,259.5200,260.1100,260.1100,28374100
2026-08-21,260.7400,261.0900,257.0400,258.6300,258.6300,35723000
2026-08-24,259.6000,263.3200,259.0500,262.0700,262.0700,28070500
2026-08-25,262.5100,263.8900,259.8300,261.0600,261.0600,25550200
2026-08-26,261.2800,262.0500,258.2400,260.2800,260.2800,21528400
2026-08-27,259.2300,259.6600,255.0200,256.2600,256.2600,35927800
2026-08-28,258.3200,267.5600,257.7800,266.4300,266.4300,49547400
2026-08-31,263.8300,264.3600,257.1200,259.7700,259.7700,46089400
2026-09-01,254.8300,255.8200,251.9300,254.9200,254.9200,31700100
2026-09-02,254.2600,256.2400,253.4000,254.9800,254.9800,24013300
2026-09-03,256.2000,259.5000,256.0000,258.9000,258.9000,26891500
2026-09-04,259.0700,261.1200,255.2900,258.5100,258.5100,30749900
2026-09-08,256.6800,257.9900,254.7500,256.9700,256.9700,29398000
2026-09-09,253.1200,254.6900,250.6500,252.4000,252.4000,33055500
2026-09-10,250.1100,253.1500,249.5800,251.8900,251.8900,25484800
2026-09-11,254.0900,257.5900,253.1400,256.7800,256.7800,26724100
2026-09-14,253.1500,255.9500,250.7400,253.5400,253.5400,34352800
2026-09-15,252.2400,253.2700,247.2200,248.4200,248.4200,36275400
2026-09-16,248.1000,249.2600,244.3000,245.9600,245.9600,33488500
2026-09-17,251.0700,252.7300,249.2400,251.1900,251.1900,30438800
2026-09-18,252.9200,255.4300,251.8800,253.7100,253.7100,52274700
2026-09-21,256.4000,259.4900,253.6000,258.4500,258.4500,42979400
2026-09-22,255.3800,259.0000,253.7900,254.9800,254.9800,41258805
